Metadata_Plate,Metadata_WellRow,Metadata_WellColumn,PathName_DAPI,FileName_DAPI,PathName_GFP,FileName_GFP
Plate_1,A,1,/home/ubuntu/bucket/Marklein/Microglia_Morphology_Project/Frozen_C20s/Plate_1,"A1_-1_2_1_Stitched[DAPI 377,447]_001.tif",/home/ubuntu/bucket/Marklein/Microglia_Morphology_Project/Frozen_C20s/Plate_1,"A1_-1_1_1_Stitched[GFP 469,525]_001.tif"
Plate_1,A,10,/home/ubuntu/bucket/Marklein/Microglia_Morphology_Project/Frozen_C20s/Plate_1,"A10_-1_2_1_Stitched[DAPI 377,447]_001.tif",/home/ubuntu/bucket/Marklein/Microglia_Morphology_Project/Frozen_C20s/Plate_1,"A10_-1_1_1_Stitched[GFP 469,525]_001.tif"
Plate_1,A,11,/home/ubuntu/bucket/Marklein/Microglia_Morphology_Project/Frozen_C20s/Plate_1,"A11_-1_2_1_Stitched[DAPI 377,447]_001.tif",/home/ubuntu/bucket/Marklein/Microglia_Morphology_Project/Frozen_C20s/Plate_1,"A11_-1_1_1_Stitched[GFP 469,525]_001.tif"
Plate_1,A,12,/home/ubuntu/bucket/Marklein/Microglia_Morphology_Project/Frozen_C20s/Plate_1,"A12_-1_2_1_Stitched[DAPI 377,447]_001.tif",/home/ubuntu/bucket/Marklein/Microglia_Morphology_Project/Frozen_C20s/Plate_1,"A12_-1_1_1_Stitched[GFP 469,525]_001.tif"
Plate_1,A,2,/home/ubuntu/bucket/Marklein/Microglia_Morphology_Project/Frozen_C20s/Plate_1,"A2_-1_2_1_Stitched[DAPI 377,447]_001.tif",/home/ubuntu/bucket/Marklein/Microglia_Morphology_Project/Frozen_C20s/Plate_1,"A2_-1_1_1_Stitched[GFP 469,525]_001.tif"
Plate_1,A,3,/home/ubuntu/bucket/Marklein/Microglia_Morphology_Project/Frozen_C20s/Plate_1,"A3_-1_2_1_Stitched[DAPI 377,447]_001.tif",/home/ubuntu/bucket/Marklein/Microglia_Morphology_Project/Frozen_C20s/Plate_1,"A3_-1_1_1_Stitched[GFP 469,525]_001.tif"
Plate_1,A,4,/home/ubuntu/bucket/Marklein/Microglia_Morphology_Project/Frozen_C20s/Plate_1,"A4_-1_2_1_Stitched[DAPI 377,447]_001.tif",/home/ubuntu/bucket/Marklein/Microglia_Morphology_Project/Frozen_C20s/Plate_1,"A4_-1_1_1_Stitched[GFP 469,525]_001.tif"
Plate_1,A,5,/home/ubuntu/bucket/Marklein/Microglia_Morphology_Project/Frozen_C20s/Plate_1,"A5_-1_2_1_Stitched[DAPI 377,447]_001.tif",/home/ubuntu/bucket/Marklein/Microglia_Morphology_Project/Frozen_C20s/Plate_1,"A5_-1_1_1_Stitched[GFP 469,525]_001.tif"
Plate_1,A,6,/home/ubuntu/bucket/Marklein/Microglia_Morphology_Project/Frozen_C20s/Plate_1,"A6_-1_2_1_Stitched[DAPI 377,447]_001.tif",/home/ubuntu/bucket/Marklein/Microglia_Morphology_Project/Frozen_C20s/Plate_1,"A6_-1_1_1_Stitched[GFP 469,525]_001.tif"
Plate_1,A,7,/home/ubuntu/bucket/Marklein/Microglia_Morphology_Project/Frozen_C20s/Plate_1,"A7_-1_2_1_Stitched[DAPI 377,447]_001.tif",/home/ubuntu/bucket/Marklein/Microglia_Morphology_Project/Frozen_C20s/Plate_1,"A7_-1_1_1_Stitched[GFP 469,525]_001.tif"
Plate_1,A,8,/home/ubuntu/bucket/Marklein/Microglia_Morphology_Project/Frozen_C20s/Plate_1,"A8_-1_2_1_Stitched[DAPI 377,447]_001.tif",/home/ubuntu/bucket/Marklein/Microglia_Morphology_Project/Frozen_C20s/Plate_1,"A8_-1_1_1_Stitched[GFP 469,525]_001.tif"
Plate_1,A,9,/home/ubuntu/bucket/Marklein/Microglia_Morphology_Project/Frozen_C20s/Plate_1,"A9_-1_2_1_Stitched[DAPI 377,447]_001.tif",/home/ubuntu/bucket/Marklein/Microglia_Morphology_Project/Frozen_C20s/Plate_1,"A9_-1_1_1_Stitched[GFP 469,525]_001.tif"
Plate_1,B,1,/home/ubuntu/bucket/Marklein/Microglia_Morphology_Project/Frozen_C20s/Plate_1,"B1_-1_2_1_Stitched[DAPI 377,447]_001.tif",/home/ubuntu/bucket/Marklein/Microglia_Morphology_Project/Frozen_C20s/Plate_1,"B1_-1_1_1_Stitched[GFP 469,525]_001.tif"
Plate_1,B,10,/home/ubuntu/bucket/Marklein/Microglia_Morphology_Project/Frozen_C20s/Plate_1,"B10_-1_2_1_Stitched[DAPI 377,447]_001.tif",/home/ubuntu/bucket/Marklein/Microglia_Morphology_Project/Frozen_C20s/Plate_1,"B10_-1_1_1_Stitched[GFP 469,525]_001.tif"
Plate_1,B,11,/home/ubuntu/bucket/Marklein/Microglia_Morphology_Project/Frozen_C20s/Plate_1,"B11_-1_2_1_Stitched[DAPI 377,447]_001.tif",/home/ubuntu/bucket/Marklein/Microglia_Morphology_Project/Frozen_C20s/Plate_1,"B11_-1_1_1_Stitched[GFP 469,525]_001.tif"
Plate_1,B,12,/home/ubuntu/bucket/Marklein/Microglia_Morphology_Project/Frozen_C20s/Plate_1,"B12_-1_2_1_Stitched[DAPI 377,447]_001.tif",/home/ubuntu/bucket/Marklein/Microglia_Morphology_Project/Frozen_C20s/Plate_1,"B12_-1_1_1_Stitched[GFP 469,525]_001.tif"
Plate_1,B,2,/home/ubuntu/bucket/Marklein/Microglia_Morphology_Project/Frozen_C20s/Plate_1,"B2_-1_2_1_Stitched[DAPI 377,447]_001.tif",/home/ubuntu/bucket/Marklein/Microglia_Morphology_Project/Frozen_C20s/Plate_1,"B2_-1_1_1_Stitched[GFP 469,525]_001.tif"
Plate_1,B,3,/home/ubuntu/bucket/Marklein/Microglia_Morphology_Project/Frozen_C20s/Plate_1,"B3_-1_2_1_Stitched[DAPI 377,447]_001.tif",/home/ubuntu/bucket/Marklein/Microglia_Morphology_Project/Frozen_C20s/Plate_1,"B3_-1_1_1_Stitched[GFP 469,525]_001.tif"
Plate_1,B,4,/home/ubuntu/bucket/Marklein/Microglia_Morphology_Project/Frozen_C20s/Plate_1,"B4_-1_2_1_Stitched[DAPI 377,447]_001.tif",/home/ubuntu/bucket/Marklein/Microglia_Morphology_Project/Frozen_C20s/Plate_1,"B4_-1_1_1_Stitched[GFP 469,525]_001.tif"
Plate_1,B,5,/home/ubuntu/bucket/Marklein/Microglia_Morphology_Project/Frozen_C20s/Plate_1,"B5_-1_2_1_Stitched[DAPI 377,447]_001.tif",/home/ubuntu/bucket/Marklein/Microglia_Morphology_Project/Frozen_C20s/Plate_1,"B5_-1_1_1_Stitched[GFP 469,525]_001.tif"
Plate_1,B,6,/home/ubuntu/bucket/Marklein/Microglia_Morphology_Project/Frozen_C20s/Plate_1,"B6_-1_2_1_Stitched[DAPI 377,447]_001.tif",/home/ubuntu/bucket/Marklein/Microglia_Morphology_Project/Frozen_C20s/Plate_1,"B6_-1_1_1_Stitched[GFP 469,525]_001.tif"
Plate_1,B,7,/home/ubuntu/bucket/Marklein/Microglia_Morphology_Project/Frozen_C20s/Plate_1,"B7_-1_2_1_Stitched[DAPI 377,447]_001.tif",/home/ubuntu/bucket/Marklein/Microglia_Morphology_Project/Frozen_C20s/Plate_1,"B7_-1_1_1_Stitched[GFP 469,525]_001.tif"
Plate_1,B,8,/home/ubuntu/bucket/Marklein/Microglia_Morphology_Project/Frozen_C20s/Plate_1,"B8_-1_2_1_Stitched[DAPI 377,447]_001.tif",/home/ubuntu/bucket/Marklein/Microglia_Morphology_Project/Frozen_C20s/Plate_1,"B8_-1_1_1_Stitched[GFP 469,525]_001.tif"
Plate_1,B,9,/home/ubuntu/bucket/Marklein/Microglia_Morphology_Project/Frozen_C20s/Plate_1,"B9_-1_2_1_Stitched[DAPI 377,447]_001.tif",/home/ubuntu/bucket/Marklein/Microglia_Morphology_Project/Frozen_C20s/Plate_1,"B9_-1_1_1_Stitched[GFP 469,525]_001.tif"
Plate_1,C,1,/home/ubuntu/bucket/Marklein/Microglia_Morphology_Project/Frozen_C20s/Plate_1,"C1_-1_2_1_Stitched[DAPI 377,447]_001.tif",/home/ubuntu/bucket/Marklein/Microglia_Morphology_Project/Frozen_C20s/Plate_1,"C1_-1_1_1_Stitched[GFP 469,525]_001.tif"
Plate_1,C,10,/home/ubuntu/bucket/Marklein/Microglia_Morphology_Project/Frozen_C20s/Plate_1,"C10_-1_2_1_Stitched[DAPI 377,447]_001.tif",/home/ubuntu/bucket/Marklein/Microglia_Morphology_Project/Frozen_C20s/Plate_1,"C10_-1_1_1_Stitched[GFP 469,525]_001.tif"
Plate_1,C,11,/home/ubuntu/bucket/Marklein/Microglia_Morphology_Project/Frozen_C20s/Plate_1,"C11_-1_2_1_Stitched[DAPI 377,447]_001.tif",/home/ubuntu/bucket/Marklein/Microglia_Morphology_Project/Frozen_C20s/Plate_1,"C11_-1_1_1_Stitched[GFP 469,525]_001.tif"
Plate_1,C,12,/home/ubuntu/bucket/Marklein/Microglia_Morphology_Project/Frozen_C20s/Plate_1,"C12_-1_2_1_Stitched[DAPI 377,447]_001.tif",/home/ubuntu/bucket/Marklein/Microglia_Morphology_Project/Frozen_C20s/Plate_1,"C12_-1_1_1_Stitched[GFP 469,525]_001.tif"
Plate_1,C,2,/home/ubuntu/bucket/Marklein/Microglia_Morphology_Project/Frozen_C20s/Plate_1,"C2_-1_2_1_Stitched[DAPI 377,447]_001.tif",/home/ubuntu/bucket/Marklein/Microglia_Morphology_Project/Frozen_C20s/Plate_1,"C2_-1_1_1_Stitched[GFP 469,525]_001.tif"
Plate_1,C,3,/home/ubuntu/bucket/Marklein/Microglia_Morphology_Project/Frozen_C20s/Plate_1,"C3_-1_2_1_Stitched[DAPI 377,447]_001.tif",/home/ubuntu/bucket/Marklein/Microglia_Morphology_Project/Frozen_C20s/Plate_1,"C3_-1_1_1_Stitched[GFP 469,525]_001.tif"
Plate_1,C,4,/home/ubuntu/bucket/Marklein/Microglia_Morphology_Project/Frozen_C20s/Plate_1,"C4_-1_2_1_Stitched[DAPI 377,447]_001.tif",/home/ubuntu/bucket/Marklein/Microglia_Morphology_Project/Frozen_C20s/Plate_1,"C4_-1_1_1_Stitched[GFP 469,525]_001.tif"
Plate_1,C,5,/home/ubuntu/bucket/Marklein/Microglia_Morphology_Project/Frozen_C20s/Plate_1,"C5_-1_2_1_Stitched[DAPI 377,447]_001.tif",/home/ubuntu/bucket/Marklein/Microglia_Morphology_Project/Frozen_C20s/Plate_1,"C5_-1_1_1_Stitched[GFP 469,525]_001.tif"
Plate_1,C,6,/home/ubuntu/bucket/Marklein/Microglia_Morphology_Project/Frozen_C20s/Plate_1,"C6_-1_2_1_Stitched[DAPI 377,447]_001.tif",/home/ubuntu/bucket/Marklein/Microglia_Morphology_Project/Frozen_C20s/Plate_1,"C6_-1_1_1_Stitched[GFP 469,525]_001.tif"
Plate_1,C,7,/home/ubuntu/bucket/Marklein/Microglia_Morphology_Project/Frozen_C20s/Plate_1,"C7_-1_2_1_Stitched[DAPI 377,447]_001.tif",/home/ubuntu/bucket/Marklein/Microglia_Morphology_Project/Frozen_C20s/Plate_1,"C7_-1_1_1_Stitched[GFP 469,525]_001.tif"
Plate_1,C,8,/home/ubuntu/bucket/Marklein/Microglia_Morphology_Project/Frozen_C20s/Plate_1,"C8_-1_2_1_Stitched[DAPI 377,447]_001.tif",/home/ubuntu/bucket/Marklein/Microglia_Morphology_Project/Frozen_C20s/Plate_1,"C8_-1_1_1_Stitched[GFP 469,525]_001.tif"
Plate_1,C,9,/home/ubuntu/bucket/Marklein/Microglia_Morphology_Project/Frozen_C20s/Plate_1,"C9_-1_2_1_Stitched[DAPI 377,447]_001.tif",/home/ubuntu/bucket/Marklein/Microglia_Morphology_Project/Frozen_C20s/Plate_1,"C9_-1_1_1_Stitched[GFP 469,525]_001.tif"
Plate_1,D,1,/home/ubuntu/bucket/Marklein/Microglia_Morphology_Project/Frozen_C20s/Plate_1,"D1_-1_2_1_Stitched[DAPI 377,447]_001.tif",/home/ubuntu/bucket/Marklein/Microglia_Morphology_Project/Frozen_C20s/Plate_1,"D1_-1_1_1_Stitched[GFP 469,525]_001.tif"
Plate_1,D,10,/home/ubuntu/bucket/Marklein/Microglia_Morphology_Project/Frozen_C20s/Plate_1,"D10_-1_2_1_Stitched[DAPI 377,447]_001.tif",/home/ubuntu/bucket/Marklein/Microglia_Morphology_Project/Frozen_C20s/Plate_1,"D10_-1_1_1_Stitched[GFP 469,525]_001.tif"
Plate_1,D,11,/home/ubuntu/bucket/Marklein/Microglia_Morphology_Project/Frozen_C20s/Plate_1,"D11_-1_2_1_Stitched[DAPI 377,447]_001.tif",/home/ubuntu/bucket/Marklein/Microglia_Morphology_Project/Frozen_C20s/Plate_1,"D11_-1_1_1_Stitched[GFP 469,525]_001.tif"
Plate_1,D,12,/home/ubuntu/bucket/Marklein/Microglia_Morphology_Project/Frozen_C20s/Plate_1,"D12_-1_2_1_Stitched[DAPI 377,447]_001.tif",/home/ubuntu/bucket/Marklein/Microglia_Morphology_Project/Frozen_C20s/Plate_1,"D12_-1_1_1_Stitched[GFP 469,525]_001.tif"
Plate_1,D,2,/home/ubuntu/bucket/Marklein/Microglia_Morphology_Project/Frozen_C20s/Plate_1,"D2_-1_2_1_Stitched[DAPI 377,447]_001.tif",/home/ubuntu/bucket/Marklein/Microglia_Morphology_Project/Frozen_C20s/Plate_1,"D2_-1_1_1_Stitched[GFP 469,525]_001.tif"
Plate_1,D,3,/home/ubuntu/bucket/Marklein/Microglia_Morphology_Project/Frozen_C20s/Plate_1,"D3_-1_2_1_Stitched[DAPI 377,447]_001.tif",/home/ubuntu/bucket/Marklein/Microglia_Morphology_Project/Frozen_C20s/Plate_1,"D3_-1_1_1_Stitched[GFP 469,525]_001.tif"
Plate_1,D,4,/home/ubuntu/bucket/Marklein/Microglia_Morphology_Project/Frozen_C20s/Plate_1,"D4_-1_2_1_Stitched[DAPI 377,447]_001.tif",/home/ubuntu/bucket/Marklein/Microglia_Morphology_Project/Frozen_C20s/Plate_1,"D4_-1_1_1_Stitched[GFP 469,525]_001.tif"
Plate_1,D,5,/home/ubuntu/bucket/Marklein/Microglia_Morphology_Project/Frozen_C20s/Plate_1,"D5_-1_2_1_Stitched[DAPI 377,447]_001.tif",/home/ubuntu/bucket/Marklein/Microglia_Morphology_Project/Frozen_C20s/Plate_1,"D5_-1_1_1_Stitched[GFP 469,525]_001.tif"
Plate_1,D,6,/home/ubuntu/bucket/Marklein/Microglia_Morphology_Project/Frozen_C20s/Plate_1,"D6_-1_2_1_Stitched[DAPI 377,447]_001.tif",/home/ubuntu/bucket/Marklein/Microglia_Morphology_Project/Frozen_C20s/Plate_1,"D6_-1_1_1_Stitched[GFP 469,525]_001.tif"
Plate_1,D,7,/home/ubuntu/bucket/Marklein/Microglia_Morphology_Project/Frozen_C20s/Plate_1,"D7_-1_2_1_Stitched[DAPI 377,447]_001.tif",/home/ubuntu/bucket/Marklein/Microglia_Morphology_Project/Frozen_C20s/Plate_1,"D7_-1_1_1_Stitched[GFP 469,525]_001.tif"
Plate_1,D,8,/home/ubuntu/bucket/Marklein/Microglia_Morphology_Project/Frozen_C20s/Plate_1,"D8_-1_2_1_Stitched[DAPI 377,447]_001.tif",/home/ubuntu/bucket/Marklein/Microglia_Morphology_Project/Frozen_C20s/Plate_1,"D8_-1_1_1_Stitched[GFP 469,525]_001.tif"
Plate_1,D,9,/home/ubuntu/bucket/Marklein/Microglia_Morphology_Project/Frozen_C20s/Plate_1,"D9_-1_2_1_Stitched[DAPI 377,447]_001.tif",/home/ubuntu/bucket/Marklein/Microglia_Morphology_Project/Frozen_C20s/Plate_1,"D9_-1_1_1_Stitched[GFP 469,525]_001.tif"
Plate_1,E,1,/home/ubuntu/bucket/Marklein/Microglia_Morphology_Project/Frozen_C20s/Plate_1,"E1_-1_2_1_Stitched[DAPI 377,447]_001.tif",/home/ubuntu/bucket/Marklein/Microglia_Morphology_Project/Frozen_C20s/Plate_1,"E1_-1_1_1_Stitched[GFP 469,525]_001.tif"
Plate_1,E,10,/home/ubuntu/bucket/Marklein/Microglia_Morphology_Project/Frozen_C20s/Plate_1,"E10_-1_2_1_Stitched[DAPI 377,447]_001.tif",/home/ubuntu/bucket/Marklein/Microglia_Morphology_Project/Frozen_C20s/Plate_1,"E10_-1_1_1_Stitched[GFP 469,525]_001.tif"
Plate_1,E,11,/home/ubuntu/bucket/Marklein/Microglia_Morphology_Project/Frozen_C20s/Plate_1,"E11_-1_2_1_Stitched[DAPI 377,447]_001.tif",/home/ubuntu/bucket/Marklein/Microglia_Morphology_Project/Frozen_C20s/Plate_1,"E11_-1_1_1_Stitched[GFP 469,525]_001.tif"
Plate_1,E,12,/home/ubuntu/bucket/Marklein/Microglia_Morphology_Project/Frozen_C20s/Plate_1,"E12_-1_2_1_Stitched[DAPI 377,447]_001.tif",/home/ubuntu/bucket/Marklein/Microglia_Morphology_Project/Frozen_C20s/Plate_1,"E12_-1_1_1_Stitched[GFP 469,525]_001.tif"
Plate_1,E,2,/home/ubuntu/bucket/Marklein/Microglia_Morphology_Project/Frozen_C20s/Plate_1,"E2_-1_2_1_Stitched[DAPI 377,447]_001.tif",/home/ubuntu/bucket/Marklein/Microglia_Morphology_Project/Frozen_C20s/Plate_1,"E2_-1_1_1_Stitched[GFP 469,525]_001.tif"
Plate_1,E,3,/home/ubuntu/bucket/Marklein/Microglia_Morphology_Project/Frozen_C20s/Plate_1,"E3_-1_2_1_Stitched[DAPI 377,447]_001.tif",/home/ubuntu/bucket/Marklein/Microglia_Morphology_Project/Frozen_C20s/Plate_1,"E3_-1_1_1_Stitched[GFP 469,525]_001.tif"
Plate_1,E,4,/home/ubuntu/bucket/Marklein/Microglia_Morphology_Project/Frozen_C20s/Plate_1,"E4_-1_2_1_Stitched[DAPI 377,447]_001.tif",/home/ubuntu/bucket/Marklein/Microglia_Morphology_Project/Frozen_C20s/Plate_1,"E4_-1_1_1_Stitched[GFP 469,525]_001.tif"
Plate_1,E,5,/home/ubuntu/bucket/Marklein/Microglia_Morphology_Project/Frozen_C20s/Plate_1,"E5_-1_2_1_Stitched[DAPI 377,447]_001.tif",/home/ubuntu/bucket/Marklein/Microglia_Morphology_Project/Frozen_C20s/Plate_1,"E5_-1_1_1_Stitched[GFP 469,525]_001.tif"
Plate_1,E,6,/home/ubuntu/bucket/Marklein/Microglia_Morphology_Project/Frozen_C20s/Plate_1,"E6_-1_2_1_Stitched[DAPI 377,447]_001.tif",/home/ubuntu/bucket/Marklein/Microglia_Morphology_Project/Frozen_C20s/Plate_1,"E6_-1_1_1_Stitched[GFP 469,525]_001.tif"
Plate_1,E,7,/home/ubuntu/bucket/Marklein/Microglia_Morphology_Project/Frozen_C20s/Plate_1,"E7_-1_2_1_Stitched[DAPI 377,447]_001.tif",/home/ubuntu/bucket/Marklein/Microglia_Morphology_Project/Frozen_C20s/Plate_1,"E7_-1_1_1_Stitched[GFP 469,525]_001.tif"
Plate_1,E,8,/home/ubuntu/bucket/Marklein/Microglia_Morphology_Project/Frozen_C20s/Plate_1,"E8_-1_2_1_Stitched[DAPI 377,447]_001.tif",/home/ubuntu/bucket/Marklein/Microglia_Morphology_Project/Frozen_C20s/Plate_1,"E8_-1_1_1_Stitched[GFP 469,525]_001.tif"
Plate_1,E,9,/home/ubuntu/bucket/Marklein/Microglia_Morphology_Project/Frozen_C20s/Plate_1,"E9_-1_2_1_Stitched[DAPI 377,447]_001.tif",/home/ubuntu/bucket/Marklein/Microglia_Morphology_Project/Frozen_C20s/Plate_1,"E9_-1_1_1_Stitched[GFP 469,525]_001.tif"
Plate_1,F,1,/home/ubuntu/bucket/Marklein/Microglia_Morphology_Project/Frozen_C20s/Plate_1,"F1_-1_2_1_Stitched[DAPI 377,447]_001.tif",/home/ubuntu/bucket/Marklein/Microglia_Morphology_Project/Frozen_C20s/Plate_1,"F1_-1_1_1_Stitched[GFP 469,525]_001.tif"
Plate_1,F,10,/home/ubuntu/bucket/Marklein/Microglia_Morphology_Project/Frozen_C20s/Plate_1,"F10_-1_2_1_Stitched[DAPI 377,447]_001.tif",/home/ubuntu/bucket/Marklein/Microglia_Morphology_Project/Frozen_C20s/Plate_1,"F10_-1_1_1_Stitched[GFP 469,525]_001.tif"
Plate_1,F,11,/home/ubuntu/bucket/Marklein/Microglia_Morphology_Project/Frozen_C20s/Plate_1,"F11_-1_2_1_Stitched[DAPI 377,447]_001.tif",/home/ubuntu/bucket/Marklein/Microglia_Morphology_Project/Frozen_C20s/Plate_1,"F11_-1_1_1_Stitched[GFP 469,525]_001.tif"
Plate_1,F,12,/home/ubuntu/bucket/Marklein/Microglia_Morphology_Project/Frozen_C20s/Plate_1,"F12_-1_2_1_Stitched[DAPI 377,447]_001.tif",/home/ubuntu/bucket/Marklein/Microglia_Morphology_Project/Frozen_C20s/Plate_1,"F12_-1_1_1_Stitched[GFP 469,525]_001.tif"
Plate_1,F,2,/home/ubuntu/bucket/Marklein/Microglia_Morphology_Project/Frozen_C20s/Plate_1,"F2_-1_2_1_Stitched[DAPI 377,447]_001.tif",/home/ubuntu/bucket/Marklein/Microglia_Morphology_Project/Frozen_C20s/Plate_1,"F2_-1_1_1_Stitched[GFP 469,525]_001.tif"
Plate_1,F,3,/home/ubuntu/bucket/Marklein/Microglia_Morphology_Project/Frozen_C20s/Plate_1,"F3_-1_2_1_Stitched[DAPI 377,447]_001.tif",/home/ubuntu/bucket/Marklein/Microglia_Morphology_Project/Frozen_C20s/Plate_1,"F3_-1_1_1_Stitched[GFP 469,525]_001.tif"
Plate_1,F,4,/home/ubuntu/bucket/Marklein/Microglia_Morphology_Project/Frozen_C20s/Plate_1,"F4_-1_2_1_Stitched[DAPI 377,447]_001.tif",/home/ubuntu/bucket/Marklein/Microglia_Morphology_Project/Frozen_C20s/Plate_1,"F4_-1_1_1_Stitched[GFP 469,525]_001.tif"
Plate_1,F,5,/home/ubuntu/bucket/Marklein/Microglia_Morphology_Project/Frozen_C20s/Plate_1,"F5_-1_2_1_Stitched[DAPI 377,447]_001.tif",/home/ubuntu/bucket/Marklein/Microglia_Morphology_Project/Frozen_C20s/Plate_1,"F5_-1_1_1_Stitched[GFP 469,525]_001.tif"
Plate_1,F,6,/home/ubuntu/bucket/Marklein/Microglia_Morphology_Project/Frozen_C20s/Plate_1,"F6_-1_2_1_Stitched[DAPI 377,447]_001.tif",/home/ubuntu/bucket/Marklein/Microglia_Morphology_Project/Frozen_C20s/Plate_1,"F6_-1_1_1_Stitched[GFP 469,525]_001.tif"
Plate_1,F,7,/home/ubuntu/bucket/Marklein/Microglia_Morphology_Project/Frozen_C20s/Plate_1,"F7_-1_2_1_Stitched[DAPI 377,447]_001.tif",/home/ubuntu/bucket/Marklein/Microglia_Morphology_Project/Frozen_C20s/Plate_1,"F7_-1_1_1_Stitched[GFP 469,525]_001.tif"
Plate_1,F,8,/home/ubuntu/bucket/Marklein/Microglia_Morphology_Project/Frozen_C20s/Plate_1,"F8_-1_2_1_Stitched[DAPI 377,447]_001.tif",/home/ubuntu/bucket/Marklein/Microglia_Morphology_Project/Frozen_C20s/Plate_1,"F8_-1_1_1_Stitched[GFP 469,525]_001.tif"
Plate_1,F,9,/home/ubuntu/bucket/Marklein/Microglia_Morphology_Project/Frozen_C20s/Plate_1,"F9_-1_2_1_Stitched[DAPI 377,447]_001.tif",/home/ubuntu/bucket/Marklein/Microglia_Morphology_Project/Frozen_C20s/Plate_1,"F9_-1_1_1_Stitched[GFP 469,525]_001.tif"
Plate_1,G,1,/home/ubuntu/bucket/Marklein/Microglia_Morphology_Project/Frozen_C20s/Plate_1,"G1_-1_2_1_Stitched[DAPI 377,447]_001.tif",/home/ubuntu/bucket/Marklein/Microglia_Morphology_Project/Frozen_C20s/Plate_1,"G1_-1_1_1_Stitched[GFP 469,525]_001.tif"
Plate_1,G,10,/home/ubuntu/bucket/Marklein/Microglia_Morphology_Project/Frozen_C20s/Plate_1,"G10_-1_2_1_Stitched[DAPI 377,447]_001.tif",/home/ubuntu/bucket/Marklein/Microglia_Morphology_Project/Frozen_C20s/Plate_1,"G10_-1_1_1_Stitched[GFP 469,525]_001.tif"
Plate_1,G,11,/home/ubuntu/bucket/Marklein/Microglia_Morphology_Project/Frozen_C20s/Plate_1,"G11_-1_2_1_Stitched[DAPI 377,447]_001.tif",/home/ubuntu/bucket/Marklein/Microglia_Morphology_Project/Frozen_C20s/Plate_1,"G11_-1_1_1_Stitched[GFP 469,525]_001.tif"
Plate_1,G,12,/home/ubuntu/bucket/Marklein/Microglia_Morphology_Project/Frozen_C20s/Plate_1,"G12_-1_2_1_Stitched[DAPI 377,447]_001.tif",/home/ubuntu/bucket/Marklein/Microglia_Morphology_Project/Frozen_C20s/Plate_1,"G12_-1_1_1_Stitched[GFP 469,525]_001.tif"
Plate_1,G,2,/home/ubuntu/bucket/Marklein/Microglia_Morphology_Project/Frozen_C20s/Plate_1,"G2_-1_2_1_Stitched[DAPI 377,447]_001.tif",/home/ubuntu/bucket/Marklein/Microglia_Morphology_Project/Frozen_C20s/Plate_1,"G2_-1_1_1_Stitched[GFP 469,525]_001.tif"
Plate_1,G,3,/home/ubuntu/bucket/Marklein/Microglia_Morphology_Project/Frozen_C20s/Plate_1,"G3_-1_2_1_Stitched[DAPI 377,447]_001.tif",/home/ubuntu/bucket/Marklein/Microglia_Morphology_Project/Frozen_C20s/Plate_1,"G3_-1_1_1_Stitched[GFP 469,525]_001.tif"
Plate_1,G,4,/home/ubuntu/bucket/Marklein/Microglia_Morphology_Project/Frozen_C20s/Plate_1,"G4_-1_2_1_Stitched[DAPI 377,447]_001.tif",/home/ubuntu/bucket/Marklein/Microglia_Morphology_Project/Frozen_C20s/Plate_1,"G4_-1_1_1_Stitched[GFP 469,525]_001.tif"
Plate_1,G,5,/home/ubuntu/bucket/Marklein/Microglia_Morphology_Project/Frozen_C20s/Plate_1,"G5_-1_2_1_Stitched[DAPI 377,447]_001.tif",/home/ubuntu/bucket/Marklein/Microglia_Morphology_Project/Frozen_C20s/Plate_1,"G5_-1_1_1_Stitched[GFP 469,525]_001.tif"
Plate_1,G,6,/home/ubuntu/bucket/Marklein/Microglia_Morphology_Project/Frozen_C20s/Plate_1,"G6_-1_2_1_Stitched[DAPI 377,447]_001.tif",/home/ubuntu/bucket/Marklein/Microglia_Morphology_Project/Frozen_C20s/Plate_1,"G6_-1_1_1_Stitched[GFP 469,525]_001.tif"
Plate_1,G,7,/home/ubuntu/bucket/Marklein/Microglia_Morphology_Project/Frozen_C20s/Plate_1,"G7_-1_2_1_Stitched[DAPI 377,447]_001.tif",/home/ubuntu/bucket/Marklein/Microglia_Morphology_Project/Frozen_C20s/Plate_1,"G7_-1_1_1_Stitched[GFP 469,525]_001.tif"
Plate_1,G,8,/home/ubuntu/bucket/Marklein/Microglia_Morphology_Project/Frozen_C20s/Plate_1,"G8_-1_2_1_Stitched[DAPI 377,447]_001.tif",/home/ubuntu/bucket/Marklein/Microglia_Morphology_Project/Frozen_C20s/Plate_1,"G8_-1_1_1_Stitched[GFP 469,525]_001.tif"
Plate_1,G,9,/home/ubuntu/bucket/Marklein/Microglia_Morphology_Project/Frozen_C20s/Plate_1,"G9_-1_2_1_Stitched[DAPI 377,447]_001.tif",/home/ubuntu/bucket/Marklein/Microglia_Morphology_Project/Frozen_C20s/Plate_1,"G9_-1_1_1_Stitched[GFP 469,525]_001.tif"
Plate_1,H,1,/home/ubuntu/bucket/Marklein/Microglia_Morphology_Project/Frozen_C20s/Plate_1,"H1_-1_2_1_Stitched[DAPI 377,447]_001.tif",/home/ubuntu/bucket/Marklein/Microglia_Morphology_Project/Frozen_C20s/Plate_1,"H1_-1_1_1_Stitched[GFP 469,525]_001.tif"
Plate_1,H,10,/home/ubuntu/bucket/Marklein/Microglia_Morphology_Project/Frozen_C20s/Plate_1,"H10_-1_2_1_Stitched[DAPI 377,447]_001.tif",/home/ubuntu/bucket/Marklein/Microglia_Morphology_Project/Frozen_C20s/Plate_1,"H10_-1_1_1_Stitched[GFP 469,525]_001.tif"
Plate_1,H,11,/home/ubuntu/bucket/Marklein/Microglia_Morphology_Project/Frozen_C20s/Plate_1,"H11_-1_2_1_Stitched[DAPI 377,447]_001.tif",/home/ubuntu/bucket/Marklein/Microglia_Morphology_Project/Frozen_C20s/Plate_1,"H11_-1_1_1_Stitched[GFP 469,525]_001.tif"
Plate_1,H,12,/home/ubuntu/bucket/Marklein/Microglia_Morphology_Project/Frozen_C20s/Plate_1,"H12_-1_2_1_Stitched[DAPI 377,447]_001.tif",/home/ubuntu/bucket/Marklein/Microglia_Morphology_Project/Frozen_C20s/Plate_1,"H12_-1_1_1_Stitched[GFP 469,525]_001.tif"
Plate_1,H,2,/home/ubuntu/bucket/Marklein/Microglia_Morphology_Project/Frozen_C20s/Plate_1,"H2_-1_2_1_Stitched[DAPI 377,447]_001.tif",/home/ubuntu/bucket/Marklein/Microglia_Morphology_Project/Frozen_C20s/Plate_1,"H2_-1_1_1_Stitched[GFP 469,525]_001.tif"
Plate_1,H,3,/home/ubuntu/bucket/Marklein/Microglia_Morphology_Project/Frozen_C20s/Plate_1,"H3_-1_2_1_Stitched[DAPI 377,447]_001.tif",/home/ubuntu/bucket/Marklein/Microglia_Morphology_Project/Frozen_C20s/Plate_1,"H3_-1_1_1_Stitched[GFP 469,525]_001.tif"
Plate_1,H,4,/home/ubuntu/bucket/Marklein/Microglia_Morphology_Project/Frozen_C20s/Plate_1,"H4_-1_2_1_Stitched[DAPI 377,447]_001.tif",/home/ubuntu/bucket/Marklein/Microglia_Morphology_Project/Frozen_C20s/Plate_1,"H4_-1_1_1_Stitched[GFP 469,525]_001.tif"
Plate_1,H,5,/home/ubuntu/bucket/Marklein/Microglia_Morphology_Project/Frozen_C20s/Plate_1,"H5_-1_2_1_Stitched[DAPI 377,447]_001.tif",/home/ubuntu/bucket/Marklein/Microglia_Morphology_Project/Frozen_C20s/Plate_1,"H5_-1_1_1_Stitched[GFP 469,525]_001.tif"
Plate_1,H,6,/home/ubuntu/bucket/Marklein/Microglia_Morphology_Project/Frozen_C20s/Plate_1,"H6_-1_2_1_Stitched[DAPI 377,447]_001.tif",/home/ubuntu/bucket/Marklein/Microglia_Morphology_Project/Frozen_C20s/Plate_1,"H6_-1_1_1_Stitched[GFP 469,525]_001.tif"
Plate_1,H,7,/home/ubuntu/bucket/Marklein/Microglia_Morphology_Project/Frozen_C20s/Plate_1,"H7_-1_2_1_Stitched[DAPI 377,447]_001.tif",/home/ubuntu/bucket/Marklein/Microglia_Morphology_Project/Frozen_C20s/Plate_1,"H7_-1_1_1_Stitched[GFP 469,525]_001.tif"
Plate_1,H,8,/home/ubuntu/bucket/Marklein/Microglia_Morphology_Project/Frozen_C20s/Plate_1,"H8_-1_2_1_Stitched[DAPI 377,447]_001.tif",/home/ubuntu/bucket/Marklein/Microglia_Morphology_Project/Frozen_C20s/Plate_1,"H8_-1_1_1_Stitched[GFP 469,525]_001.tif"
Plate_1,H,9,/home/ubuntu/bucket/Marklein/Microglia_Morphology_Project/Frozen_C20s/Plate_1,"H9_-1_2_1_Stitched[DAPI 377,447]_001.tif",/home/ubuntu/bucket/Marklein/Microglia_Morphology_Project/Frozen_C20s/Plate_1,"H9_-1_1_1_Stitched[GFP 469,525]_001.tif"
Plate_2,A,1,/home/ubuntu/bucket/Marklein/Microglia_Morphology_Project/Frozen_C20s/Plate_2,"A1_-1_2_1_Stitched[DAPI 377,447]_001.tif",/home/ubuntu/bucket/Marklein/Microglia_Morphology_Project/Frozen_C20s/Plate_2,"A1_-1_1_1_Stitched[GFP 469,525]_001.tif"
Plate_2,A,10,/home/ubuntu/bucket/Marklein/Microglia_Morphology_Project/Frozen_C20s/Plate_2,"A10_-1_2_1_Stitched[DAPI 377,447]_001.tif",/home/ubuntu/bucket/Marklein/Microglia_Morphology_Project/Frozen_C20s/Plate_2,"A10_-1_1_1_Stitched[GFP 469,525]_001.tif"
Plate_2,A,11,/home/ubuntu/bucket/Marklein/Microglia_Morphology_Project/Frozen_C20s/Plate_2,"A11_-1_2_1_Stitched[DAPI 377,447]_001.tif",/home/ubuntu/bucket/Marklein/Microglia_Morphology_Project/Frozen_C20s/Plate_2,"A11_-1_1_1_Stitched[GFP 469,525]_001.tif"
Plate_2,A,12,/home/ubuntu/bucket/Marklein/Microglia_Morphology_Project/Frozen_C20s/Plate_2,"A12_-1_2_1_Stitched[DAPI 377,447]_001.tif",/home/ubuntu/bucket/Marklein/Microglia_Morphology_Project/Frozen_C20s/Plate_2,"A12_-1_1_1_Stitched[GFP 469,525]_001.tif"
Plate_2,A,2,/home/ubuntu/bucket/Marklein/Microglia_Morphology_Project/Frozen_C20s/Plate_2,"A2_-1_2_1_Stitched[DAPI 377,447]_001.tif",/home/ubuntu/bucket/Marklein/Microglia_Morphology_Project/Frozen_C20s/Plate_2,"A2_-1_1_1_Stitched[GFP 469,525]_001.tif"
Plate_2,A,3,/home/ubuntu/bucket/Marklein/Microglia_Morphology_Project/Frozen_C20s/Plate_2,"A3_-1_2_1_Stitched[DAPI 377,447]_001.tif",/home/ubuntu/bucket/Marklein/Microglia_Morphology_Project/Frozen_C20s/Plate_2,"A3_-1_1_1_Stitched[GFP 469,525]_001.tif"
Plate_2,A,4,/home/ubuntu/bucket/Marklein/Microglia_Morphology_Project/Frozen_C20s/Plate_2,"A4_-1_2_1_Stitched[DAPI 377,447]_001.tif",/home/ubuntu/bucket/Marklein/Microglia_Morphology_Project/Frozen_C20s/Plate_2,"A4_-1_1_1_Stitched[GFP 469,525]_001.tif"
Plate_2,A,5,/home/ubuntu/bucket/Marklein/Microglia_Morphology_Project/Frozen_C20s/Plate_2,"A5_-1_2_1_Stitched[DAPI 377,447]_001.tif",/home/ubuntu/bucket/Marklein/Microglia_Morphology_Project/Frozen_C20s/Plate_2,"A5_-1_1_1_Stitched[GFP 469,525]_001.tif"
Plate_2,A,6,/home/ubuntu/bucket/Marklein/Microglia_Morphology_Project/Frozen_C20s/Plate_2,"A6_-1_2_1_Stitched[DAPI 377,447]_001.tif",/home/ubuntu/bucket/Marklein/Microglia_Morphology_Project/Frozen_C20s/Plate_2,"A6_-1_1_1_Stitched[GFP 469,525]_001.tif"
Plate_2,A,7,/home/ubuntu/bucket/Marklein/Microglia_Morphology_Project/Frozen_C20s/Plate_2,"A7_-1_2_1_Stitched[DAPI 377,447]_001.tif",/home/ubuntu/bucket/Marklein/Microglia_Morphology_Project/Frozen_C20s/Plate_2,"A7_-1_1_1_Stitched[GFP 469,525]_001.tif"
Plate_2,A,8,/home/ubuntu/bucket/Marklein/Microglia_Morphology_Project/Frozen_C20s/Plate_2,"A8_-1_2_1_Stitched[DAPI 377,447]_001.tif",/home/ubuntu/bucket/Marklein/Microglia_Morphology_Project/Frozen_C20s/Plate_2,"A8_-1_1_1_Stitched[GFP 469,525]_001.tif"
Plate_2,A,9,/home/ubuntu/bucket/Marklein/Microglia_Morphology_Project/Frozen_C20s/Plate_2,"A9_-1_2_1_Stitched[DAPI 377,447]_001.tif",/home/ubuntu/bucket/Marklein/Microglia_Morphology_Project/Frozen_C20s/Plate_2,"A9_-1_1_1_Stitched[GFP 469,525]_001.tif"
Plate_2,B,1,/home/ubuntu/bucket/Marklein/Microglia_Morphology_Project/Frozen_C20s/Plate_2,"B1_-1_2_1_Stitched[DAPI 377,447]_001.tif",/home/ubuntu/bucket/Marklein/Microglia_Morphology_Project/Frozen_C20s/Plate_2,"B1_-1_1_1_Stitched[GFP 469,525]_001.tif"
Plate_2,B,10,/home/ubuntu/bucket/Marklein/Microglia_Morphology_Project/Frozen_C20s/Plate_2,"B10_-1_2_1_Stitched[DAPI 377,447]_001.tif",/home/ubuntu/bucket/Marklein/Microglia_Morphology_Project/Frozen_C20s/Plate_2,"B10_-1_1_1_Stitched[GFP 469,525]_001.tif"
Plate_2,B,11,/home/ubuntu/bucket/Marklein/Microglia_Morphology_Project/Frozen_C20s/Plate_2,"B11_-1_2_1_Stitched[DAPI 377,447]_001.tif",/home/ubuntu/bucket/Marklein/Microglia_Morphology_Project/Frozen_C20s/Plate_2,"B11_-1_1_1_Stitched[GFP 469,525]_001.tif"
Plate_2,B,12,/home/ubuntu/bucket/Marklein/Microglia_Morphology_Project/Frozen_C20s/Plate_2,"B12_-1_2_1_Stitched[DAPI 377,447]_001.tif",/home/ubuntu/bucket/Marklein/Microglia_Morphology_Project/Frozen_C20s/Plate_2,"B12_-1_1_1_Stitched[GFP 469,525]_001.tif"
Plate_2,B,2,/home/ubuntu/bucket/Marklein/Microglia_Morphology_Project/Frozen_C20s/Plate_2,"B2_-1_2_1_Stitched[DAPI 377,447]_001.tif",/home/ubuntu/bucket/Marklein/Microglia_Morphology_Project/Frozen_C20s/Plate_2,"B2_-1_1_1_Stitched[GFP 469,525]_001.tif"
Plate_2,B,3,/home/ubuntu/bucket/Marklein/Microglia_Morphology_Project/Frozen_C20s/Plate_2,"B3_-1_2_1_Stitched[DAPI 377,447]_001.tif",/home/ubuntu/bucket/Marklein/Microglia_Morphology_Project/Frozen_C20s/Plate_2,"B3_-1_1_1_Stitched[GFP 469,525]_001.tif"
Plate_2,B,4,/home/ubuntu/bucket/Marklein/Microglia_Morphology_Project/Frozen_C20s/Plate_2,"B4_-1_2_1_Stitched[DAPI 377,447]_001.tif",/home/ubuntu/bucket/Marklein/Microglia_Morphology_Project/Frozen_C20s/Plate_2,"B4_-1_1_1_Stitched[GFP 469,525]_001.tif"
Plate_2,B,5,/home/ubuntu/bucket/Marklein/Microglia_Morphology_Project/Frozen_C20s/Plate_2,"B5_-1_2_1_Stitched[DAPI 377,447]_001.tif",/home/ubuntu/bucket/Marklein/Microglia_Morphology_Project/Frozen_C20s/Plate_2,"B5_-1_1_1_Stitched[GFP 469,525]_001.tif"
Plate_2,B,6,/home/ubuntu/bucket/Marklein/Microglia_Morphology_Project/Frozen_C20s/Plate_2,"B6_-1_2_1_Stitched[DAPI 377,447]_001.tif",/home/ubuntu/bucket/Marklein/Microglia_Morphology_Project/Frozen_C20s/Plate_2,"B6_-1_1_1_Stitched[GFP 469,525]_001.tif"
Plate_2,B,7,/home/ubuntu/bucket/Marklein/Microglia_Morphology_Project/Frozen_C20s/Plate_2,"B7_-1_2_1_Stitched[DAPI 377,447]_001.tif",/home/ubuntu/bucket/Marklein/Microglia_Morphology_Project/Frozen_C20s/Plate_2,"B7_-1_1_1_Stitched[GFP 469,525]_001.tif"
Plate_2,B,8,/home/ubuntu/bucket/Marklein/Microglia_Morphology_Project/Frozen_C20s/Plate_2,"B8_-1_2_1_Stitched[DAPI 377,447]_001.tif",/home/ubuntu/bucket/Marklein/Microglia_Morphology_Project/Frozen_C20s/Plate_2,"B8_-1_1_1_Stitched[GFP 469,525]_001.tif"
Plate_2,B,9,/home/ubuntu/bucket/Marklein/Microglia_Morphology_Project/Frozen_C20s/Plate_2,"B9_-1_2_1_Stitched[DAPI 377,447]_001.tif",/home/ubuntu/bucket/Marklein/Microglia_Morphology_Project/Frozen_C20s/Plate_2,"B9_-1_1_1_Stitched[GFP 469,525]_001.tif"
Plate_2,C,1,/home/ubuntu/bucket/Marklein/Microglia_Morphology_Project/Frozen_C20s/Plate_2,"C1_-1_2_1_Stitched[DAPI 377,447]_001.tif",/home/ubuntu/bucket/Marklein/Microglia_Morphology_Project/Frozen_C20s/Plate_2,"C1_-1_1_1_Stitched[GFP 469,525]_001.tif"
Plate_2,C,10,/home/ubuntu/bucket/Marklein/Microglia_Morphology_Project/Frozen_C20s/Plate_2,"C10_-1_2_1_Stitched[DAPI 377,447]_001.tif",/home/ubuntu/bucket/Marklein/Microglia_Morphology_Project/Frozen_C20s/Plate_2,"C10_-1_1_1_Stitched[GFP 469,525]_001.tif"
Plate_2,C,11,/home/ubuntu/bucket/Marklein/Microglia_Morphology_Project/Frozen_C20s/Plate_2,"C11_-1_2_1_Stitched[DAPI 377,447]_001.tif",/home/ubuntu/bucket/Marklein/Microglia_Morphology_Project/Frozen_C20s/Plate_2,"C11_-1_1_1_Stitched[GFP 469,525]_001.tif"
Plate_2,C,12,/home/ubuntu/bucket/Marklein/Microglia_Morphology_Project/Frozen_C20s/Plate_2,"C12_-1_2_1_Stitched[DAPI 377,447]_001.tif",/home/ubuntu/bucket/Marklein/Microglia_Morphology_Project/Frozen_C20s/Plate_2,"C12_-1_1_1_Stitched[GFP 469,525]_001.tif"
Plate_2,C,2,/home/ubuntu/bucket/Marklein/Microglia_Morphology_Project/Frozen_C20s/Plate_2,"C2_-1_2_1_Stitched[DAPI 377,447]_001.tif",/home/ubuntu/bucket/Marklein/Microglia_Morphology_Project/Frozen_C20s/Plate_2,"C2_-1_1_1_Stitched[GFP 469,525]_001.tif"
Plate_2,C,3,/home/ubuntu/bucket/Marklein/Microglia_Morphology_Project/Frozen_C20s/Plate_2,"C3_-1_2_1_Stitched[DAPI 377,447]_001.tif",/home/ubuntu/bucket/Marklein/Microglia_Morphology_Project/Frozen_C20s/Plate_2,"C3_-1_1_1_Stitched[GFP 469,525]_001.tif"
Plate_2,C,4,/home/ubuntu/bucket/Marklein/Microglia_Morphology_Project/Frozen_C20s/Plate_2,"C4_-1_2_1_Stitched[DAPI 377,447]_001.tif",/home/ubuntu/bucket/Marklein/Microglia_Morphology_Project/Frozen_C20s/Plate_2,"C4_-1_1_1_Stitched[GFP 469,525]_001.tif"
Plate_2,C,5,/home/ubuntu/bucket/Marklein/Microglia_Morphology_Project/Frozen_C20s/Plate_2,"C5_-1_2_1_Stitched[DAPI 377,447]_001.tif",/home/ubuntu/bucket/Marklein/Microglia_Morphology_Project/Frozen_C20s/Plate_2,"C5_-1_1_1_Stitched[GFP 469,525]_001.tif"
Plate_2,C,6,/home/ubuntu/bucket/Marklein/Microglia_Morphology_Project/Frozen_C20s/Plate_2,"C6_-1_2_1_Stitched[DAPI 377,447]_001.tif",/home/ubuntu/bucket/Marklein/Microglia_Morphology_Project/Frozen_C20s/Plate_2,"C6_-1_1_1_Stitched[GFP 469,525]_001.tif"
Plate_2,C,7,/home/ubuntu/bucket/Marklein/Microglia_Morphology_Project/Frozen_C20s/Plate_2,"C7_-1_2_1_Stitched[DAPI 377,447]_001.tif",/home/ubuntu/bucket/Marklein/Microglia_Morphology_Project/Frozen_C20s/Plate_2,"C7_-1_1_1_Stitched[GFP 469,525]_001.tif"
Plate_2,C,8,/home/ubuntu/bucket/Marklein/Microglia_Morphology_Project/Frozen_C20s/Plate_2,"C8_-1_2_1_Stitched[DAPI 377,447]_001.tif",/home/ubuntu/bucket/Marklein/Microglia_Morphology_Project/Frozen_C20s/Plate_2,"C8_-1_1_1_Stitched[GFP 469,525]_001.tif"
Plate_2,C,9,/home/ubuntu/bucket/Marklein/Microglia_Morphology_Project/Frozen_C20s/Plate_2,"C9_-1_2_1_Stitched[DAPI 377,447]_001.tif",/home/ubuntu/bucket/Marklein/Microglia_Morphology_Project/Frozen_C20s/Plate_2,"C9_-1_1_1_Stitched[GFP 469,525]_001.tif"
Plate_2,D,1,/home/ubuntu/bucket/Marklein/Microglia_Morphology_Project/Frozen_C20s/Plate_2,"D1_-1_2_1_Stitched[DAPI 377,447]_001.tif",/home/ubuntu/bucket/Marklein/Microglia_Morphology_Project/Frozen_C20s/Plate_2,"D1_-1_1_1_Stitched[GFP 469,525]_001.tif"
Plate_2,D,10,/home/ubuntu/bucket/Marklein/Microglia_Morphology_Project/Frozen_C20s/Plate_2,"D10_-1_2_1_Stitched[DAPI 377,447]_001.tif",/home/ubuntu/bucket/Marklein/Microglia_Morphology_Project/Frozen_C20s/Plate_2,"D10_-1_1_1_Stitched[GFP 469,525]_001.tif"
Plate_2,D,11,/home/ubuntu/bucket/Marklein/Microglia_Morphology_Project/Frozen_C20s/Plate_2,"D11_-1_2_1_Stitched[DAPI 377,447]_001.tif",/home/ubuntu/bucket/Marklein/Microglia_Morphology_Project/Frozen_C20s/Plate_2,"D11_-1_1_1_Stitched[GFP 469,525]_001.tif"
Plate_2,D,12,/home/ubuntu/bucket/Marklein/Microglia_Morphology_Project/Frozen_C20s/Plate_2,"D12_-1_2_1_Stitched[DAPI 377,447]_001.tif",/home/ubuntu/bucket/Marklein/Microglia_Morphology_Project/Frozen_C20s/Plate_2,"D12_-1_1_1_Stitched[GFP 469,525]_001.tif"
Plate_2,D,2,/home/ubuntu/bucket/Marklein/Microglia_Morphology_Project/Frozen_C20s/Plate_2,"D2_-1_2_1_Stitched[DAPI 377,447]_001.tif",/home/ubuntu/bucket/Marklein/Microglia_Morphology_Project/Frozen_C20s/Plate_2,"D2_-1_1_1_Stitched[GFP 469,525]_001.tif"
Plate_2,D,3,/home/ubuntu/bucket/Marklein/Microglia_Morphology_Project/Frozen_C20s/Plate_2,"D3_-1_2_1_Stitched[DAPI 377,447]_001.tif",/home/ubuntu/bucket/Marklein/Microglia_Morphology_Project/Frozen_C20s/Plate_2,"D3_-1_1_1_Stitched[GFP 469,525]_001.tif"
Plate_2,D,4,/home/ubuntu/bucket/Marklein/Microglia_Morphology_Project/Frozen_C20s/Plate_2,"D4_-1_2_1_Stitched[DAPI 377,447]_001.tif",/home/ubuntu/bucket/Marklein/Microglia_Morphology_Project/Frozen_C20s/Plate_2,"D4_-1_1_1_Stitched[GFP 469,525]_001.tif"
Plate_2,D,5,/home/ubuntu/bucket/Marklein/Microglia_Morphology_Project/Frozen_C20s/Plate_2,"D5_-1_2_1_Stitched[DAPI 377,447]_001.tif",/home/ubuntu/bucket/Marklein/Microglia_Morphology_Project/Frozen_C20s/Plate_2,"D5_-1_1_1_Stitched[GFP 469,525]_001.tif"
Plate_2,D,6,/home/ubuntu/bucket/Marklein/Microglia_Morphology_Project/Frozen_C20s/Plate_2,"D6_-1_2_1_Stitched[DAPI 377,447]_001.tif",/home/ubuntu/bucket/Marklein/Microglia_Morphology_Project/Frozen_C20s/Plate_2,"D6_-1_1_1_Stitched[GFP 469,525]_001.tif"
Plate_2,D,7,/home/ubuntu/bucket/Marklein/Microglia_Morphology_Project/Frozen_C20s/Plate_2,"D7_-1_2_1_Stitched[DAPI 377,447]_001.tif",/home/ubuntu/bucket/Marklein/Microglia_Morphology_Project/Frozen_C20s/Plate_2,"D7_-1_1_1_Stitched[GFP 469,525]_001.tif"
Plate_2,D,8,/home/ubuntu/bucket/Marklein/Microglia_Morphology_Project/Frozen_C20s/Plate_2,"D8_-1_2_1_Stitched[DAPI 377,447]_001.tif",/home/ubuntu/bucket/Marklein/Microglia_Morphology_Project/Frozen_C20s/Plate_2,"D8_-1_1_1_Stitched[GFP 469,525]_001.tif"
Plate_2,D,9,/home/ubuntu/bucket/Marklein/Microglia_Morphology_Project/Frozen_C20s/Plate_2,"D9_-1_2_1_Stitched[DAPI 377,447]_001.tif",/home/ubuntu/bucket/Marklein/Microglia_Morphology_Project/Frozen_C20s/Plate_2,"D9_-1_1_1_Stitched[GFP 469,525]_001.tif"
Plate_2,E,1,/home/ubuntu/bucket/Marklein/Microglia_Morphology_Project/Frozen_C20s/Plate_2,"E1_-1_2_1_Stitched[DAPI 377,447]_001.tif",/home/ubuntu/bucket/Marklein/Microglia_Morphology_Project/Frozen_C20s/Plate_2,"E1_-1_1_1_Stitched[GFP 469,525]_001.tif"
Plate_2,E,10,/home/ubuntu/bucket/Marklein/Microglia_Morphology_Project/Frozen_C20s/Plate_2,"E10_-1_2_1_Stitched[DAPI 377,447]_001.tif",/home/ubuntu/bucket/Marklein/Microglia_Morphology_Project/Frozen_C20s/Plate_2,"E10_-1_1_1_Stitched[GFP 469,525]_001.tif"
Plate_2,E,11,/home/ubuntu/bucket/Marklein/Microglia_Morphology_Project/Frozen_C20s/Plate_2,"E11_-1_2_1_Stitched[DAPI 377,447]_001.tif",/home/ubuntu/bucket/Marklein/Microglia_Morphology_Project/Frozen_C20s/Plate_2,"E11_-1_1_1_Stitched[GFP 469,525]_001.tif"
Plate_2,E,12,/home/ubuntu/bucket/Marklein/Microglia_Morphology_Project/Frozen_C20s/Plate_2,"E12_-1_2_1_Stitched[DAPI 377,447]_001.tif",/home/ubuntu/bucket/Marklein/Microglia_Morphology_Project/Frozen_C20s/Plate_2,"E12_-1_1_1_Stitched[GFP 469,525]_001.tif"
Plate_2,E,2,/home/ubuntu/bucket/Marklein/Microglia_Morphology_Project/Frozen_C20s/Plate_2,"E2_-1_2_1_Stitched[DAPI 377,447]_001.tif",/home/ubuntu/bucket/Marklein/Microglia_Morphology_Project/Frozen_C20s/Plate_2,"E2_-1_1_1_Stitched[GFP 469,525]_001.tif"
Plate_2,E,3,/home/ubuntu/bucket/Marklein/Microglia_Morphology_Project/Frozen_C20s/Plate_2,"E3_-1_2_1_Stitched[DAPI 377,447]_001.tif",/home/ubuntu/bucket/Marklein/Microglia_Morphology_Project/Frozen_C20s/Plate_2,"E3_-1_1_1_Stitched[GFP 469,525]_001.tif"
Plate_2,E,4,/home/ubuntu/bucket/Marklein/Microglia_Morphology_Project/Frozen_C20s/Plate_2,"E4_-1_2_1_Stitched[DAPI 377,447]_001.tif",/home/ubuntu/bucket/Marklein/Microglia_Morphology_Project/Frozen_C20s/Plate_2,"E4_-1_1_1_Stitched[GFP 469,525]_001.tif"
Plate_2,E,5,/home/ubuntu/bucket/Marklein/Microglia_Morphology_Project/Frozen_C20s/Plate_2,"E5_-1_2_1_Stitched[DAPI 377,447]_001.tif",/home/ubuntu/bucket/Marklein/Microglia_Morphology_Project/Frozen_C20s/Plate_2,"E5_-1_1_1_Stitched[GFP 469,525]_001.tif"
Plate_2,E,6,/home/ubuntu/bucket/Marklein/Microglia_Morphology_Project/Frozen_C20s/Plate_2,"E6_-1_2_1_Stitched[DAPI 377,447]_001.tif",/home/ubuntu/bucket/Marklein/Microglia_Morphology_Project/Frozen_C20s/Plate_2,"E6_-1_1_1_Stitched[GFP 469,525]_001.tif"
Plate_2,E,7,/home/ubuntu/bucket/Marklein/Microglia_Morphology_Project/Frozen_C20s/Plate_2,"E7_-1_2_1_Stitched[DAPI 377,447]_001.tif",/home/ubuntu/bucket/Marklein/Microglia_Morphology_Project/Frozen_C20s/Plate_2,"E7_-1_1_1_Stitched[GFP 469,525]_001.tif"
Plate_2,E,8,/home/ubuntu/bucket/Marklein/Microglia_Morphology_Project/Frozen_C20s/Plate_2,"E8_-1_2_1_Stitched[DAPI 377,447]_001.tif",/home/ubuntu/bucket/Marklein/Microglia_Morphology_Project/Frozen_C20s/Plate_2,"E8_-1_1_1_Stitched[GFP 469,525]_001.tif"
Plate_2,E,9,/home/ubuntu/bucket/Marklein/Microglia_Morphology_Project/Frozen_C20s/Plate_2,"E9_-1_2_1_Stitched[DAPI 377,447]_001.tif",/home/ubuntu/bucket/Marklein/Microglia_Morphology_Project/Frozen_C20s/Plate_2,"E9_-1_1_1_Stitched[GFP 469,525]_001.tif"
Plate_2,F,1,/home/ubuntu/bucket/Marklein/Microglia_Morphology_Project/Frozen_C20s/Plate_2,"F1_-1_2_1_Stitched[DAPI 377,447]_001.tif",/home/ubuntu/bucket/Marklein/Microglia_Morphology_Project/Frozen_C20s/Plate_2,"F1_-1_1_1_Stitched[GFP 469,525]_001.tif"
Plate_2,F,10,/home/ubuntu/bucket/Marklein/Microglia_Morphology_Project/Frozen_C20s/Plate_2,"F10_-1_2_1_Stitched[DAPI 377,447]_001.tif",/home/ubuntu/bucket/Marklein/Microglia_Morphology_Project/Frozen_C20s/Plate_2,"F10_-1_1_1_Stitched[GFP 469,525]_001.tif"
Plate_2,F,11,/home/ubuntu/bucket/Marklein/Microglia_Morphology_Project/Frozen_C20s/Plate_2,"F11_-1_2_1_Stitched[DAPI 377,447]_001.tif",/home/ubuntu/bucket/Marklein/Microglia_Morphology_Project/Frozen_C20s/Plate_2,"F11_-1_1_1_Stitched[GFP 469,525]_001.tif"
Plate_2,F,12,/home/ubuntu/bucket/Marklein/Microglia_Morphology_Project/Frozen_C20s/Plate_2,"F12_-1_2_1_Stitched[DAPI 377,447]_001.tif",/home/ubuntu/bucket/Marklein/Microglia_Morphology_Project/Frozen_C20s/Plate_2,"F12_-1_1_1_Stitched[GFP 469,525]_001.tif"
Plate_2,F,2,/home/ubuntu/bucket/Marklein/Microglia_Morphology_Project/Frozen_C20s/Plate_2,"F2_-1_2_1_Stitched[DAPI 377,447]_001.tif",/home/ubuntu/bucket/Marklein/Microglia_Morphology_Project/Frozen_C20s/Plate_2,"F2_-1_1_1_Stitched[GFP 469,525]_001.tif"
Plate_2,F,3,/home/ubuntu/bucket/Marklein/Microglia_Morphology_Project/Frozen_C20s/Plate_2,"F3_-1_2_1_Stitched[DAPI 377,447]_001.tif",/home/ubuntu/bucket/Marklein/Microglia_Morphology_Project/Frozen_C20s/Plate_2,"F3_-1_1_1_Stitched[GFP 469,525]_001.tif"
Plate_2,F,4,/home/ubuntu/bucket/Marklein/Microglia_Morphology_Project/Frozen_C20s/Plate_2,"F4_-1_2_1_Stitched[DAPI 377,447]_001.tif",/home/ubuntu/bucket/Marklein/Microglia_Morphology_Project/Frozen_C20s/Plate_2,"F4_-1_1_1_Stitched[GFP 469,525]_001.tif"
Plate_2,F,5,/home/ubuntu/bucket/Marklein/Microglia_Morphology_Project/Frozen_C20s/Plate_2,"F5_-1_2_1_Stitched[DAPI 377,447]_001.tif",/home/ubuntu/bucket/Marklein/Microglia_Morphology_Project/Frozen_C20s/Plate_2,"F5_-1_1_1_Stitched[GFP 469,525]_001.tif"
Plate_2,F,6,/home/ubuntu/bucket/Marklein/Microglia_Morphology_Project/Frozen_C20s/Plate_2,"F6_-1_2_1_Stitched[DAPI 377,447]_001.tif",/home/ubuntu/bucket/Marklein/Microglia_Morphology_Project/Frozen_C20s/Plate_2,"F6_-1_1_1_Stitched[GFP 469,525]_001.tif"
Plate_2,F,7,/home/ubuntu/bucket/Marklein/Microglia_Morphology_Project/Frozen_C20s/Plate_2,"F7_-1_2_1_Stitched[DAPI 377,447]_001.tif",/home/ubuntu/bucket/Marklein/Microglia_Morphology_Project/Frozen_C20s/Plate_2,"F7_-1_1_1_Stitched[GFP 469,525]_001.tif"
Plate_2,F,8,/home/ubuntu/bucket/Marklein/Microglia_Morphology_Project/Frozen_C20s/Plate_2,"F8_-1_2_1_Stitched[DAPI 377,447]_001.tif",/home/ubuntu/bucket/Marklein/Microglia_Morphology_Project/Frozen_C20s/Plate_2,"F8_-1_1_1_Stitched[GFP 469,525]_001.tif"
Plate_2,F,9,/home/ubuntu/bucket/Marklein/Microglia_Morphology_Project/Frozen_C20s/Plate_2,"F9_-1_2_1_Stitched[DAPI 377,447]_001.tif",/home/ubuntu/bucket/Marklein/Microglia_Morphology_Project/Frozen_C20s/Plate_2,"F9_-1_1_1_Stitched[GFP 469,525]_001.tif"
Plate_2,G,1,/home/ubuntu/bucket/Marklein/Microglia_Morphology_Project/Frozen_C20s/Plate_2,"G1_-1_2_1_Stitched[DAPI 377,447]_001.tif",/home/ubuntu/bucket/Marklein/Microglia_Morphology_Project/Frozen_C20s/Plate_2,"G1_-1_1_1_Stitched[GFP 469,525]_001.tif"
Plate_2,G,10,/home/ubuntu/bucket/Marklein/Microglia_Morphology_Project/Frozen_C20s/Plate_2,"G10_-1_2_1_Stitched[DAPI 377,447]_001.tif",/home/ubuntu/bucket/Marklein/Microglia_Morphology_Project/Frozen_C20s/Plate_2,"G10_-1_1_1_Stitched[GFP 469,525]_001.tif"
Plate_2,G,11,/home/ubuntu/bucket/Marklein/Microglia_Morphology_Project/Frozen_C20s/Plate_2,"G11_-1_2_1_Stitched[DAPI 377,447]_001.tif",/home/ubuntu/bucket/Marklein/Microglia_Morphology_Project/Frozen_C20s/Plate_2,"G11_-1_1_1_Stitched[GFP 469,525]_001.tif"
Plate_2,G,12,/home/ubuntu/bucket/Marklein/Microglia_Morphology_Project/Frozen_C20s/Plate_2,"G12_-1_2_1_Stitched[DAPI 377,447]_001.tif",/home/ubuntu/bucket/Marklein/Microglia_Morphology_Project/Frozen_C20s/Plate_2,"G12_-1_1_1_Stitched[GFP 469,525]_001.tif"
Plate_2,G,2,/home/ubuntu/bucket/Marklein/Microglia_Morphology_Project/Frozen_C20s/Plate_2,"G2_-1_2_1_Stitched[DAPI 377,447]_001.tif",/home/ubuntu/bucket/Marklein/Microglia_Morphology_Project/Frozen_C20s/Plate_2,"G2_-1_1_1_Stitched[GFP 469,525]_001.tif"
Plate_2,G,3,/home/ubuntu/bucket/Marklein/Microglia_Morphology_Project/Frozen_C20s/Plate_2,"G3_-1_2_1_Stitched[DAPI 377,447]_001.tif",/home/ubuntu/bucket/Marklein/Microglia_Morphology_Project/Frozen_C20s/Plate_2,"G3_-1_1_1_Stitched[GFP 469,525]_001.tif"
Plate_2,G,4,/home/ubuntu/bucket/Marklein/Microglia_Morphology_Project/Frozen_C20s/Plate_2,"G4_-1_2_1_Stitched[DAPI 377,447]_001.tif",/home/ubuntu/bucket/Marklein/Microglia_Morphology_Project/Frozen_C20s/Plate_2,"G4_-1_1_1_Stitched[GFP 469,525]_001.tif"
Plate_2,G,5,/home/ubuntu/bucket/Marklein/Microglia_Morphology_Project/Frozen_C20s/Plate_2,"G5_-1_2_1_Stitched[DAPI 377,447]_001.tif",/home/ubuntu/bucket/Marklein/Microglia_Morphology_Project/Frozen_C20s/Plate_2,"G5_-1_1_1_Stitched[GFP 469,525]_001.tif"
Plate_2,G,6,/home/ubuntu/bucket/Marklein/Microglia_Morphology_Project/Frozen_C20s/Plate_2,"G6_-1_2_1_Stitched[DAPI 377,447]_001.tif",/home/ubuntu/bucket/Marklein/Microglia_Morphology_Project/Frozen_C20s/Plate_2,"G6_-1_1_1_Stitched[GFP 469,525]_001.tif"
Plate_2,G,7,/home/ubuntu/bucket/Marklein/Microglia_Morphology_Project/Frozen_C20s/Plate_2,"G7_-1_2_1_Stitched[DAPI 377,447]_001.tif",/home/ubuntu/bucket/Marklein/Microglia_Morphology_Project/Frozen_C20s/Plate_2,"G7_-1_1_1_Stitched[GFP 469,525]_001.tif"
Plate_2,G,8,/home/ubuntu/bucket/Marklein/Microglia_Morphology_Project/Frozen_C20s/Plate_2,"G8_-1_2_1_Stitched[DAPI 377,447]_001.tif",/home/ubuntu/bucket/Marklein/Microglia_Morphology_Project/Frozen_C20s/Plate_2,"G8_-1_1_1_Stitched[GFP 469,525]_001.tif"
Plate_2,G,9,/home/ubuntu/bucket/Marklein/Microglia_Morphology_Project/Frozen_C20s/Plate_2,"G9_-1_2_1_Stitched[DAPI 377,447]_001.tif",/home/ubuntu/bucket/Marklein/Microglia_Morphology_Project/Frozen_C20s/Plate_2,"G9_-1_1_1_Stitched[GFP 469,525]_001.tif"
Plate_2,H,1,/home/ubuntu/bucket/Marklein/Microglia_Morphology_Project/Frozen_C20s/Plate_2,"H1_-1_2_1_Stitched[DAPI 377,447]_001.tif",/home/ubuntu/bucket/Marklein/Microglia_Morphology_Project/Frozen_C20s/Plate_2,"H1_-1_1_1_Stitched[GFP 469,525]_001.tif"
Plate_2,H,10,/home/ubuntu/bucket/Marklein/Microglia_Morphology_Project/Frozen_C20s/Plate_2,"H10_-1_2_1_Stitched[DAPI 377,447]_001.tif",/home/ubuntu/bucket/Marklein/Microglia_Morphology_Project/Frozen_C20s/Plate_2,"H10_-1_1_1_Stitched[GFP 469,525]_001.tif"
Plate_2,H,11,/home/ubuntu/bucket/Marklein/Microglia_Morphology_Project/Frozen_C20s/Plate_2,"H11_-1_2_1_Stitched[DAPI 377,447]_001.tif",/home/ubuntu/bucket/Marklein/Microglia_Morphology_Project/Frozen_C20s/Plate_2,"H11_-1_1_1_Stitched[GFP 469,525]_001.tif"
Plate_2,H,12,/home/ubuntu/bucket/Marklein/Microglia_Morphology_Project/Frozen_C20s/Plate_2,"H12_-1_2_1_Stitched[DAPI 377,447]_001.tif",/home/ubuntu/bucket/Marklein/Microglia_Morphology_Project/Frozen_C20s/Plate_2,"H12_-1_1_1_Stitched[GFP 469,525]_001.tif"
Plate_2,H,2,/home/ubuntu/bucket/Marklein/Microglia_Morphology_Project/Frozen_C20s/Plate_2,"H2_-1_2_1_Stitched[DAPI 377,447]_001.tif",/home/ubuntu/bucket/Marklein/Microglia_Morphology_Project/Frozen_C20s/Plate_2,"H2_-1_1_1_Stitched[GFP 469,525]_001.tif"
Plate_2,H,3,/home/ubuntu/bucket/Marklein/Microglia_Morphology_Project/Frozen_C20s/Plate_2,"H3_-1_2_1_Stitched[DAPI 377,447]_001.tif",/home/ubuntu/bucket/Marklein/Microglia_Morphology_Project/Frozen_C20s/Plate_2,"H3_-1_1_1_Stitched[GFP 469,525]_001.tif"
Plate_2,H,4,/home/ubuntu/bucket/Marklein/Microglia_Morphology_Project/Frozen_C20s/Plate_2,"H4_-1_2_1_Stitched[DAPI 377,447]_001.tif",/home/ubuntu/bucket/Marklein/Microglia_Morphology_Project/Frozen_C20s/Plate_2,"H4_-1_1_1_Stitched[GFP 469,525]_001.tif"
Plate_2,H,5,/home/ubuntu/bucket/Marklein/Microglia_Morphology_Project/Frozen_C20s/Plate_2,"H5_-1_2_1_Stitched[DAPI 377,447]_001.tif",/home/ubuntu/bucket/Marklein/Microglia_Morphology_Project/Frozen_C20s/Plate_2,"H5_-1_1_1_Stitched[GFP 469,525]_001.tif"
Plate_2,H,6,/home/ubuntu/bucket/Marklein/Microglia_Morphology_Project/Frozen_C20s/Plate_2,"H6_-1_2_1_Stitched[DAPI 377,447]_001.tif",/home/ubuntu/bucket/Marklein/Microglia_Morphology_Project/Frozen_C20s/Plate_2,"H6_-1_1_1_Stitched[GFP 469,525]_001.tif"
Plate_2,H,7,/home/ubuntu/bucket/Marklein/Microglia_Morphology_Project/Frozen_C20s/Plate_2,"H7_-1_2_1_Stitched[DAPI 377,447]_001.tif",/home/ubuntu/bucket/Marklein/Microglia_Morphology_Project/Frozen_C20s/Plate_2,"H7_-1_1_1_Stitched[GFP 469,525]_001.tif"
Plate_2,H,8,/home/ubuntu/bucket/Marklein/Microglia_Morphology_Project/Frozen_C20s/Plate_2,"H8_-1_2_1_Stitched[DAPI 377,447]_001.tif",/home/ubuntu/bucket/Marklein/Microglia_Morphology_Project/Frozen_C20s/Plate_2,"H8_-1_1_1_Stitched[GFP 469,525]_001.tif"
Plate_2,H,9,/home/ubuntu/bucket/Marklein/Microglia_Morphology_Project/Frozen_C20s/Plate_2,"H9_-1_2_1_Stitched[DAPI 377,447]_001.tif",/home/ubuntu/bucket/Marklein/Microglia_Morphology_Project/Frozen_C20s/Plate_2,"H9_-1_1_1_Stitched[GFP 469,525]_001.tif"
Plate_3,A,1,/home/ubuntu/bucket/Marklein/Microglia_Morphology_Project/Frozen_C20s/Plate_3,"A1_-1_2_1_Stitched[DAPI 377,447]_001.tif",/home/ubuntu/bucket/Marklein/Microglia_Morphology_Project/Frozen_C20s/Plate_3,"A1_-1_1_1_Stitched[GFP 469,525]_001.tif"
Plate_3,A,10,/home/ubuntu/bucket/Marklein/Microglia_Morphology_Project/Frozen_C20s/Plate_3,"A10_-1_2_1_Stitched[DAPI 377,447]_001.tif",/home/ubuntu/bucket/Marklein/Microglia_Morphology_Project/Frozen_C20s/Plate_3,"A10_-1_1_1_Stitched[GFP 469,525]_001.tif"
Plate_3,A,11,/home/ubuntu/bucket/Marklein/Microglia_Morphology_Project/Frozen_C20s/Plate_3,"A11_-1_2_1_Stitched[DAPI 377,447]_001.tif",/home/ubuntu/bucket/Marklein/Microglia_Morphology_Project/Frozen_C20s/Plate_3,"A11_-1_1_1_Stitched[GFP 469,525]_001.tif"
Plate_3,A,12,/home/ubuntu/bucket/Marklein/Microglia_Morphology_Project/Frozen_C20s/Plate_3,"A12_-1_2_1_Stitched[DAPI 377,447]_001.tif",/home/ubuntu/bucket/Marklein/Microglia_Morphology_Project/Frozen_C20s/Plate_3,"A12_-1_1_1_Stitched[GFP 469,525]_001.tif"
Plate_3,A,2,/home/ubuntu/bucket/Marklein/Microglia_Morphology_Project/Frozen_C20s/Plate_3,"A2_-1_2_1_Stitched[DAPI 377,447]_001.tif",/home/ubuntu/bucket/Marklein/Microglia_Morphology_Project/Frozen_C20s/Plate_3,"A2_-1_1_1_Stitched[GFP 469,525]_001.tif"
Plate_3,A,3,/home/ubuntu/bucket/Marklein/Microglia_Morphology_Project/Frozen_C20s/Plate_3,"A3_-1_2_1_Stitched[DAPI 377,447]_001.tif",/home/ubuntu/bucket/Marklein/Microglia_Morphology_Project/Frozen_C20s/Plate_3,"A3_-1_1_1_Stitched[GFP 469,525]_001.tif"
Plate_3,A,4,/home/ubuntu/bucket/Marklein/Microglia_Morphology_Project/Frozen_C20s/Plate_3,"A4_-1_2_1_Stitched[DAPI 377,447]_001.tif",/home/ubuntu/bucket/Marklein/Microglia_Morphology_Project/Frozen_C20s/Plate_3,"A4_-1_1_1_Stitched[GFP 469,525]_001.tif"
Plate_3,A,5,/home/ubuntu/bucket/Marklein/Microglia_Morphology_Project/Frozen_C20s/Plate_3,"A5_-1_2_1_Stitched[DAPI 377,447]_001.tif",/home/ubuntu/bucket/Marklein/Microglia_Morphology_Project/Frozen_C20s/Plate_3,"A5_-1_1_1_Stitched[GFP 469,525]_001.tif"
Plate_3,A,6,/home/ubuntu/bucket/Marklein/Microglia_Morphology_Project/Frozen_C20s/Plate_3,"A6_-1_2_1_Stitched[DAPI 377,447]_001.tif",/home/ubuntu/bucket/Marklein/Microglia_Morphology_Project/Frozen_C20s/Plate_3,"A6_-1_1_1_Stitched[GFP 469,525]_001.tif"
Plate_3,A,7,/home/ubuntu/bucket/Marklein/Microglia_Morphology_Project/Frozen_C20s/Plate_3,"A7_-1_2_1_Stitched[DAPI 377,447]_001.tif",/home/ubuntu/bucket/Marklein/Microglia_Morphology_Project/Frozen_C20s/Plate_3,"A7_-1_1_1_Stitched[GFP 469,525]_001.tif"
Plate_3,A,8,/home/ubuntu/bucket/Marklein/Microglia_Morphology_Project/Frozen_C20s/Plate_3,"A8_-1_2_1_Stitched[DAPI 377,447]_001.tif",/home/ubuntu/bucket/Marklein/Microglia_Morphology_Project/Frozen_C20s/Plate_3,"A8_-1_1_1_Stitched[GFP 469,525]_001.tif"
Plate_3,A,9,/home/ubuntu/bucket/Marklein/Microglia_Morphology_Project/Frozen_C20s/Plate_3,"A9_-1_2_1_Stitched[DAPI 377,447]_001.tif",/home/ubuntu/bucket/Marklein/Microglia_Morphology_Project/Frozen_C20s/Plate_3,"A9_-1_1_1_Stitched[GFP 469,525]_001.tif"
Plate_3,B,1,/home/ubuntu/bucket/Marklein/Microglia_Morphology_Project/Frozen_C20s/Plate_3,"B1_-1_2_1_Stitched[DAPI 377,447]_001.tif",/home/ubuntu/bucket/Marklein/Microglia_Morphology_Project/Frozen_C20s/Plate_3,"B1_-1_1_1_Stitched[GFP 469,525]_001.tif"
Plate_3,B,10,/home/ubuntu/bucket/Marklein/Microglia_Morphology_Project/Frozen_C20s/Plate_3,"B10_-1_2_1_Stitched[DAPI 377,447]_001.tif",/home/ubuntu/bucket/Marklein/Microglia_Morphology_Project/Frozen_C20s/Plate_3,"B10_-1_1_1_Stitched[GFP 469,525]_001.tif"
Plate_3,B,11,/home/ubuntu/bucket/Marklein/Microglia_Morphology_Project/Frozen_C20s/Plate_3,"B11_-1_2_1_Stitched[DAPI 377,447]_001.tif",/home/ubuntu/bucket/Marklein/Microglia_Morphology_Project/Frozen_C20s/Plate_3,"B11_-1_1_1_Stitched[GFP 469,525]_001.tif"
Plate_3,B,12,/home/ubuntu/bucket/Marklein/Microglia_Morphology_Project/Frozen_C20s/Plate_3,"B12_-1_2_1_Stitched[DAPI 377,447]_001.tif",/home/ubuntu/bucket/Marklein/Microglia_Morphology_Project/Frozen_C20s/Plate_3,"B12_-1_1_1_Stitched[GFP 469,525]_001.tif"
Plate_3,B,2,/home/ubuntu/bucket/Marklein/Microglia_Morphology_Project/Frozen_C20s/Plate_3,"B2_-1_2_1_Stitched[DAPI 377,447]_001.tif",/home/ubuntu/bucket/Marklein/Microglia_Morphology_Project/Frozen_C20s/Plate_3,"B2_-1_1_1_Stitched[GFP 469,525]_001.tif"
Plate_3,B,3,/home/ubuntu/bucket/Marklein/Microglia_Morphology_Project/Frozen_C20s/Plate_3,"B3_-1_2_1_Stitched[DAPI 377,447]_001.tif",/home/ubuntu/bucket/Marklein/Microglia_Morphology_Project/Frozen_C20s/Plate_3,"B3_-1_1_1_Stitched[GFP 469,525]_001.tif"
Plate_3,B,4,/home/ubuntu/bucket/Marklein/Microglia_Morphology_Project/Frozen_C20s/Plate_3,"B4_-1_2_1_Stitched[DAPI 377,447]_001.tif",/home/ubuntu/bucket/Marklein/Microglia_Morphology_Project/Frozen_C20s/Plate_3,"B4_-1_1_1_Stitched[GFP 469,525]_001.tif"
Plate_3,B,5,/home/ubuntu/bucket/Marklein/Microglia_Morphology_Project/Frozen_C20s/Plate_3,"B5_-1_2_1_Stitched[DAPI 377,447]_001.tif",/home/ubuntu/bucket/Marklein/Microglia_Morphology_Project/Frozen_C20s/Plate_3,"B5_-1_1_1_Stitched[GFP 469,525]_001.tif"
Plate_3,B,6,/home/ubuntu/bucket/Marklein/Microglia_Morphology_Project/Frozen_C20s/Plate_3,"B6_-1_2_1_Stitched[DAPI 377,447]_001.tif",/home/ubuntu/bucket/Marklein/Microglia_Morphology_Project/Frozen_C20s/Plate_3,"B6_-1_1_1_Stitched[GFP 469,525]_001.tif"
Plate_3,B,7,/home/ubuntu/bucket/Marklein/Microglia_Morphology_Project/Frozen_C20s/Plate_3,"B7_-1_2_1_Stitched[DAPI 377,447]_001.tif",/home/ubuntu/bucket/Marklein/Microglia_Morphology_Project/Frozen_C20s/Plate_3,"B7_-1_1_1_Stitched[GFP 469,525]_001.tif"
Plate_3,B,8,/home/ubuntu/bucket/Marklein/Microglia_Morphology_Project/Frozen_C20s/Plate_3,"B8_-1_2_1_Stitched[DAPI 377,447]_001.tif",/home/ubuntu/bucket/Marklein/Microglia_Morphology_Project/Frozen_C20s/Plate_3,"B8_-1_1_1_Stitched[GFP 469,525]_001.tif"
Plate_3,B,9,/home/ubuntu/bucket/Marklein/Microglia_Morphology_Project/Frozen_C20s/Plate_3,"B9_-1_2_1_Stitched[DAPI 377,447]_001.tif",/home/ubuntu/bucket/Marklein/Microglia_Morphology_Project/Frozen_C20s/Plate_3,"B9_-1_1_1_Stitched[GFP 469,525]_001.tif"
Plate_3,C,1,/home/ubuntu/bucket/Marklein/Microglia_Morphology_Project/Frozen_C20s/Plate_3,"C1_-1_2_1_Stitched[DAPI 377,447]_001.tif",/home/ubuntu/bucket/Marklein/Microglia_Morphology_Project/Frozen_C20s/Plate_3,"C1_-1_1_1_Stitched[GFP 469,525]_001.tif"
Plate_3,C,10,/home/ubuntu/bucket/Marklein/Microglia_Morphology_Project/Frozen_C20s/Plate_3,"C10_-1_2_1_Stitched[DAPI 377,447]_001.tif",/home/ubuntu/bucket/Marklein/Microglia_Morphology_Project/Frozen_C20s/Plate_3,"C10_-1_1_1_Stitched[GFP 469,525]_001.tif"
Plate_3,C,11,/home/ubuntu/bucket/Marklein/Microglia_Morphology_Project/Frozen_C20s/Plate_3,"C11_-1_2_1_Stitched[DAPI 377,447]_001.tif",/home/ubuntu/bucket/Marklein/Microglia_Morphology_Project/Frozen_C20s/Plate_3,"C11_-1_1_1_Stitched[GFP 469,525]_001.tif"
Plate_3,C,12,/home/ubuntu/bucket/Marklein/Microglia_Morphology_Project/Frozen_C20s/Plate_3,"C12_-1_2_1_Stitched[DAPI 377,447]_001.tif",/home/ubuntu/bucket/Marklein/Microglia_Morphology_Project/Frozen_C20s/Plate_3,"C12_-1_1_1_Stitched[GFP 469,525]_001.tif"
Plate_3,C,2,/home/ubuntu/bucket/Marklein/Microglia_Morphology_Project/Frozen_C20s/Plate_3,"C2_-1_2_1_Stitched[DAPI 377,447]_001.tif",/home/ubuntu/bucket/Marklein/Microglia_Morphology_Project/Frozen_C20s/Plate_3,"C2_-1_1_1_Stitched[GFP 469,525]_001.tif"
Plate_3,C,3,/home/ubuntu/bucket/Marklein/Microglia_Morphology_Project/Frozen_C20s/Plate_3,"C3_-1_2_1_Stitched[DAPI 377,447]_001.tif",/home/ubuntu/bucket/Marklein/Microglia_Morphology_Project/Frozen_C20s/Plate_3,"C3_-1_1_1_Stitched[GFP 469,525]_001.tif"
Plate_3,C,4,/home/ubuntu/bucket/Marklein/Microglia_Morphology_Project/Frozen_C20s/Plate_3,"C4_-1_2_1_Stitched[DAPI 377,447]_001.tif",/home/ubuntu/bucket/Marklein/Microglia_Morphology_Project/Frozen_C20s/Plate_3,"C4_-1_1_1_Stitched[GFP 469,525]_001.tif"
Plate_3,C,5,/home/ubuntu/bucket/Marklein/Microglia_Morphology_Project/Frozen_C20s/Plate_3,"C5_-1_2_1_Stitched[DAPI 377,447]_001.tif",/home/ubuntu/bucket/Marklein/Microglia_Morphology_Project/Frozen_C20s/Plate_3,"C5_-1_1_1_Stitched[GFP 469,525]_001.tif"
Plate_3,C,6,/home/ubuntu/bucket/Marklein/Microglia_Morphology_Project/Frozen_C20s/Plate_3,"C6_-1_2_1_Stitched[DAPI 377,447]_001.tif",/home/ubuntu/bucket/Marklein/Microglia_Morphology_Project/Frozen_C20s/Plate_3,"C6_-1_1_1_Stitched[GFP 469,525]_001.tif"
Plate_3,C,7,/home/ubuntu/bucket/Marklein/Microglia_Morphology_Project/Frozen_C20s/Plate_3,"C7_-1_2_1_Stitched[DAPI 377,447]_001.tif",/home/ubuntu/bucket/Marklein/Microglia_Morphology_Project/Frozen_C20s/Plate_3,"C7_-1_1_1_Stitched[GFP 469,525]_001.tif"
Plate_3,C,8,/home/ubuntu/bucket/Marklein/Microglia_Morphology_Project/Frozen_C20s/Plate_3,"C8_-1_2_1_Stitched[DAPI 377,447]_001.tif",/home/ubuntu/bucket/Marklein/Microglia_Morphology_Project/Frozen_C20s/Plate_3,"C8_-1_1_1_Stitched[GFP 469,525]_001.tif"
Plate_3,C,9,/home/ubuntu/bucket/Marklein/Microglia_Morphology_Project/Frozen_C20s/Plate_3,"C9_-1_2_1_Stitched[DAPI 377,447]_001.tif",/home/ubuntu/bucket/Marklein/Microglia_Morphology_Project/Frozen_C20s/Plate_3,"C9_-1_1_1_Stitched[GFP 469,525]_001.tif"
Plate_3,D,1,/home/ubuntu/bucket/Marklein/Microglia_Morphology_Project/Frozen_C20s/Plate_3,"D1_-1_2_1_Stitched[DAPI 377,447]_001.tif",/home/ubuntu/bucket/Marklein/Microglia_Morphology_Project/Frozen_C20s/Plate_3,"D1_-1_1_1_Stitched[GFP 469,525]_001.tif"
Plate_3,D,10,/home/ubuntu/bucket/Marklein/Microglia_Morphology_Project/Frozen_C20s/Plate_3,"D10_-1_2_1_Stitched[DAPI 377,447]_001.tif",/home/ubuntu/bucket/Marklein/Microglia_Morphology_Project/Frozen_C20s/Plate_3,"D10_-1_1_1_Stitched[GFP 469,525]_001.tif"
Plate_3,D,11,/home/ubuntu/bucket/Marklein/Microglia_Morphology_Project/Frozen_C20s/Plate_3,"D11_-1_2_1_Stitched[DAPI 377,447]_001.tif",/home/ubuntu/bucket/Marklein/Microglia_Morphology_Project/Frozen_C20s/Plate_3,"D11_-1_1_1_Stitched[GFP 469,525]_001.tif"
Plate_3,D,12,/home/ubuntu/bucket/Marklein/Microglia_Morphology_Project/Frozen_C20s/Plate_3,"D12_-1_2_1_Stitched[DAPI 377,447]_001.tif",/home/ubuntu/bucket/Marklein/Microglia_Morphology_Project/Frozen_C20s/Plate_3,"D12_-1_1_1_Stitched[GFP 469,525]_001.tif"
Plate_3,D,2,/home/ubuntu/bucket/Marklein/Microglia_Morphology_Project/Frozen_C20s/Plate_3,"D2_-1_2_1_Stitched[DAPI 377,447]_001.tif",/home/ubuntu/bucket/Marklein/Microglia_Morphology_Project/Frozen_C20s/Plate_3,"D2_-1_1_1_Stitched[GFP 469,525]_001.tif"
Plate_3,D,3,/home/ubuntu/bucket/Marklein/Microglia_Morphology_Project/Frozen_C20s/Plate_3,"D3_-1_2_1_Stitched[DAPI 377,447]_001.tif",/home/ubuntu/bucket/Marklein/Microglia_Morphology_Project/Frozen_C20s/Plate_3,"D3_-1_1_1_Stitched[GFP 469,525]_001.tif"
Plate_3,D,4,/home/ubuntu/bucket/Marklein/Microglia_Morphology_Project/Frozen_C20s/Plate_3,"D4_-1_2_1_Stitched[DAPI 377,447]_001.tif",/home/ubuntu/bucket/Marklein/Microglia_Morphology_Project/Frozen_C20s/Plate_3,"D4_-1_1_1_Stitched[GFP 469,525]_001.tif"
Plate_3,D,5,/home/ubuntu/bucket/Marklein/Microglia_Morphology_Project/Frozen_C20s/Plate_3,"D5_-1_2_1_Stitched[DAPI 377,447]_001.tif",/home/ubuntu/bucket/Marklein/Microglia_Morphology_Project/Frozen_C20s/Plate_3,"D5_-1_1_1_Stitched[GFP 469,525]_001.tif"
Plate_3,D,6,/home/ubuntu/bucket/Marklein/Microglia_Morphology_Project/Frozen_C20s/Plate_3,"D6_-1_2_1_Stitched[DAPI 377,447]_001.tif",/home/ubuntu/bucket/Marklein/Microglia_Morphology_Project/Frozen_C20s/Plate_3,"D6_-1_1_1_Stitched[GFP 469,525]_001.tif"
Plate_3,D,7,/home/ubuntu/bucket/Marklein/Microglia_Morphology_Project/Frozen_C20s/Plate_3,"D7_-1_2_1_Stitched[DAPI 377,447]_001.tif",/home/ubuntu/bucket/Marklein/Microglia_Morphology_Project/Frozen_C20s/Plate_3,"D7_-1_1_1_Stitched[GFP 469,525]_001.tif"
Plate_3,D,8,/home/ubuntu/bucket/Marklein/Microglia_Morphology_Project/Frozen_C20s/Plate_3,"D8_-1_2_1_Stitched[DAPI 377,447]_001.tif",/home/ubuntu/bucket/Marklein/Microglia_Morphology_Project/Frozen_C20s/Plate_3,"D8_-1_1_1_Stitched[GFP 469,525]_001.tif"
Plate_3,D,9,/home/ubuntu/bucket/Marklein/Microglia_Morphology_Project/Frozen_C20s/Plate_3,"D9_-1_2_1_Stitched[DAPI 377,447]_001.tif",/home/ubuntu/bucket/Marklein/Microglia_Morphology_Project/Frozen_C20s/Plate_3,"D9_-1_1_1_Stitched[GFP 469,525]_001.tif"
Plate_3,E,1,/home/ubuntu/bucket/Marklein/Microglia_Morphology_Project/Frozen_C20s/Plate_3,"E1_-1_2_1_Stitched[DAPI 377,447]_001.tif",/home/ubuntu/bucket/Marklein/Microglia_Morphology_Project/Frozen_C20s/Plate_3,"E1_-1_1_1_Stitched[GFP 469,525]_001.tif"
Plate_3,E,10,/home/ubuntu/bucket/Marklein/Microglia_Morphology_Project/Frozen_C20s/Plate_3,"E10_-1_2_1_Stitched[DAPI 377,447]_001.tif",/home/ubuntu/bucket/Marklein/Microglia_Morphology_Project/Frozen_C20s/Plate_3,"E10_-1_1_1_Stitched[GFP 469,525]_001.tif"
Plate_3,E,11,/home/ubuntu/bucket/Marklein/Microglia_Morphology_Project/Frozen_C20s/Plate_3,"E11_-1_2_1_Stitched[DAPI 377,447]_001.tif",/home/ubuntu/bucket/Marklein/Microglia_Morphology_Project/Frozen_C20s/Plate_3,"E11_-1_1_1_Stitched[GFP 469,525]_001.tif"
Plate_3,E,12,/home/ubuntu/bucket/Marklein/Microglia_Morphology_Project/Frozen_C20s/Plate_3,"E12_-1_2_1_Stitched[DAPI 377,447]_001.tif",/home/ubuntu/bucket/Marklein/Microglia_Morphology_Project/Frozen_C20s/Plate_3,"E12_-1_1_1_Stitched[GFP 469,525]_001.tif"
Plate_3,E,2,/home/ubuntu/bucket/Marklein/Microglia_Morphology_Project/Frozen_C20s/Plate_3,"E2_-1_2_1_Stitched[DAPI 377,447]_001.tif",/home/ubuntu/bucket/Marklein/Microglia_Morphology_Project/Frozen_C20s/Plate_3,"E2_-1_1_1_Stitched[GFP 469,525]_001.tif"
Plate_3,E,3,/home/ubuntu/bucket/Marklein/Microglia_Morphology_Project/Frozen_C20s/Plate_3,"E3_-1_2_1_Stitched[DAPI 377,447]_001.tif",/home/ubuntu/bucket/Marklein/Microglia_Morphology_Project/Frozen_C20s/Plate_3,"E3_-1_1_1_Stitched[GFP 469,525]_001.tif"
Plate_3,E,4,/home/ubuntu/bucket/Marklein/Microglia_Morphology_Project/Frozen_C20s/Plate_3,"E4_-1_2_1_Stitched[DAPI 377,447]_001.tif",/home/ubuntu/bucket/Marklein/Microglia_Morphology_Project/Frozen_C20s/Plate_3,"E4_-1_1_1_Stitched[GFP 469,525]_001.tif"
Plate_3,E,5,/home/ubuntu/bucket/Marklein/Microglia_Morphology_Project/Frozen_C20s/Plate_3,"E5_-1_2_1_Stitched[DAPI 377,447]_001.tif",/home/ubuntu/bucket/Marklein/Microglia_Morphology_Project/Frozen_C20s/Plate_3,"E5_-1_1_1_Stitched[GFP 469,525]_001.tif"
Plate_3,E,6,/home/ubuntu/bucket/Marklein/Microglia_Morphology_Project/Frozen_C20s/Plate_3,"E6_-1_2_1_Stitched[DAPI 377,447]_001.tif",/home/ubuntu/bucket/Marklein/Microglia_Morphology_Project/Frozen_C20s/Plate_3,"E6_-1_1_1_Stitched[GFP 469,525]_001.tif"
Plate_3,E,7,/home/ubuntu/bucket/Marklein/Microglia_Morphology_Project/Frozen_C20s/Plate_3,"E7_-1_2_1_Stitched[DAPI 377,447]_001.tif",/home/ubuntu/bucket/Marklein/Microglia_Morphology_Project/Frozen_C20s/Plate_3,"E7_-1_1_1_Stitched[GFP 469,525]_001.tif"
Plate_3,E,8,/home/ubuntu/bucket/Marklein/Microglia_Morphology_Project/Frozen_C20s/Plate_3,"E8_-1_2_1_Stitched[DAPI 377,447]_001.tif",/home/ubuntu/bucket/Marklein/Microglia_Morphology_Project/Frozen_C20s/Plate_3,"E8_-1_1_1_Stitched[GFP 469,525]_001.tif"
Plate_3,E,9,/home/ubuntu/bucket/Marklein/Microglia_Morphology_Project/Frozen_C20s/Plate_3,"E9_-1_2_1_Stitched[DAPI 377,447]_001.tif",/home/ubuntu/bucket/Marklein/Microglia_Morphology_Project/Frozen_C20s/Plate_3,"E9_-1_1_1_Stitched[GFP 469,525]_001.tif"
Plate_3,F,1,/home/ubuntu/bucket/Marklein/Microglia_Morphology_Project/Frozen_C20s/Plate_3,"F1_-1_2_1_Stitched[DAPI 377,447]_001.tif",/home/ubuntu/bucket/Marklein/Microglia_Morphology_Project/Frozen_C20s/Plate_3,"F1_-1_1_1_Stitched[GFP 469,525]_001.tif"
Plate_3,F,10,/home/ubuntu/bucket/Marklein/Microglia_Morphology_Project/Frozen_C20s/Plate_3,"F10_-1_2_1_Stitched[DAPI 377,447]_001.tif",/home/ubuntu/bucket/Marklein/Microglia_Morphology_Project/Frozen_C20s/Plate_3,"F10_-1_1_1_Stitched[GFP 469,525]_001.tif"
Plate_3,F,11,/home/ubuntu/bucket/Marklein/Microglia_Morphology_Project/Frozen_C20s/Plate_3,"F11_-1_2_1_Stitched[DAPI 377,447]_001.tif",/home/ubuntu/bucket/Marklein/Microglia_Morphology_Project/Frozen_C20s/Plate_3,"F11_-1_1_1_Stitched[GFP 469,525]_001.tif"
Plate_3,F,12,/home/ubuntu/bucket/Marklein/Microglia_Morphology_Project/Frozen_C20s/Plate_3,"F12_-1_2_1_Stitched[DAPI 377,447]_001.tif",/home/ubuntu/bucket/Marklein/Microglia_Morphology_Project/Frozen_C20s/Plate_3,"F12_-1_1_1_Stitched[GFP 469,525]_001.tif"
Plate_3,F,2,/home/ubuntu/bucket/Marklein/Microglia_Morphology_Project/Frozen_C20s/Plate_3,"F2_-1_2_1_Stitched[DAPI 377,447]_001.tif",/home/ubuntu/bucket/Marklein/Microglia_Morphology_Project/Frozen_C20s/Plate_3,"F2_-1_1_1_Stitched[GFP 469,525]_001.tif"
Plate_3,F,3,/home/ubuntu/bucket/Marklein/Microglia_Morphology_Project/Frozen_C20s/Plate_3,"F3_-1_2_1_Stitched[DAPI 377,447]_001.tif",/home/ubuntu/bucket/Marklein/Microglia_Morphology_Project/Frozen_C20s/Plate_3,"F3_-1_1_1_Stitched[GFP 469,525]_001.tif"
Plate_3,F,4,/home/ubuntu/bucket/Marklein/Microglia_Morphology_Project/Frozen_C20s/Plate_3,"F4_-1_2_1_Stitched[DAPI 377,447]_001.tif",/home/ubuntu/bucket/Marklein/Microglia_Morphology_Project/Frozen_C20s/Plate_3,"F4_-1_1_1_Stitched[GFP 469,525]_001.tif"
Plate_3,F,5,/home/ubuntu/bucket/Marklein/Microglia_Morphology_Project/Frozen_C20s/Plate_3,"F5_-1_2_1_Stitched[DAPI 377,447]_001.tif",/home/ubuntu/bucket/Marklein/Microglia_Morphology_Project/Frozen_C20s/Plate_3,"F5_-1_1_1_Stitched[GFP 469,525]_001.tif"
Plate_3,F,6,/home/ubuntu/bucket/Marklein/Microglia_Morphology_Project/Frozen_C20s/Plate_3,"F6_-1_2_1_Stitched[DAPI 377,447]_001.tif",/home/ubuntu/bucket/Marklein/Microglia_Morphology_Project/Frozen_C20s/Plate_3,"F6_-1_1_1_Stitched[GFP 469,525]_001.tif"
Plate_3,F,7,/home/ubuntu/bucket/Marklein/Microglia_Morphology_Project/Frozen_C20s/Plate_3,"F7_-1_2_1_Stitched[DAPI 377,447]_001.tif",/home/ubuntu/bucket/Marklein/Microglia_Morphology_Project/Frozen_C20s/Plate_3,"F7_-1_1_1_Stitched[GFP 469,525]_001.tif"
Plate_3,F,8,/home/ubuntu/bucket/Marklein/Microglia_Morphology_Project/Frozen_C20s/Plate_3,"F8_-1_2_1_Stitched[DAPI 377,447]_001.tif",/home/ubuntu/bucket/Marklein/Microglia_Morphology_Project/Frozen_C20s/Plate_3,"F8_-1_1_1_Stitched[GFP 469,525]_001.tif"
Plate_3,F,9,/home/ubuntu/bucket/Marklein/Microglia_Morphology_Project/Frozen_C20s/Plate_3,"F9_-1_2_1_Stitched[DAPI 377,447]_001.tif",/home/ubuntu/bucket/Marklein/Microglia_Morphology_Project/Frozen_C20s/Plate_3,"F9_-1_1_1_Stitched[GFP 469,525]_001.tif"
Plate_3,G,1,/home/ubuntu/bucket/Marklein/Microglia_Morphology_Project/Frozen_C20s/Plate_3,"G1_-1_2_1_Stitched[DAPI 377,447]_001.tif",/home/ubuntu/bucket/Marklein/Microglia_Morphology_Project/Frozen_C20s/Plate_3,"G1_-1_1_1_Stitched[GFP 469,525]_001.tif"
Plate_3,G,10,/home/ubuntu/bucket/Marklein/Microglia_Morphology_Project/Frozen_C20s/Plate_3,"G10_-1_2_1_Stitched[DAPI 377,447]_001.tif",/home/ubuntu/bucket/Marklein/Microglia_Morphology_Project/Frozen_C20s/Plate_3,"G10_-1_1_1_Stitched[GFP 469,525]_001.tif"
Plate_3,G,11,/home/ubuntu/bucket/Marklein/Microglia_Morphology_Project/Frozen_C20s/Plate_3,"G11_-1_2_1_Stitched[DAPI 377,447]_001.tif",/home/ubuntu/bucket/Marklein/Microglia_Morphology_Project/Frozen_C20s/Plate_3,"G11_-1_1_1_Stitched[GFP 469,525]_001.tif"
Plate_3,G,12,/home/ubuntu/bucket/Marklein/Microglia_Morphology_Project/Frozen_C20s/Plate_3,"G12_-1_2_1_Stitched[DAPI 377,447]_001.tif",/home/ubuntu/bucket/Marklein/Microglia_Morphology_Project/Frozen_C20s/Plate_3,"G12_-1_1_1_Stitched[GFP 469,525]_001.tif"
Plate_3,G,2,/home/ubuntu/bucket/Marklein/Microglia_Morphology_Project/Frozen_C20s/Plate_3,"G2_-1_2_1_Stitched[DAPI 377,447]_001.tif",/home/ubuntu/bucket/Marklein/Microglia_Morphology_Project/Frozen_C20s/Plate_3,"G2_-1_1_1_Stitched[GFP 469,525]_001.tif"
Plate_3,G,3,/home/ubuntu/bucket/Marklein/Microglia_Morphology_Project/Frozen_C20s/Plate_3,"G3_-1_2_1_Stitched[DAPI 377,447]_001.tif",/home/ubuntu/bucket/Marklein/Microglia_Morphology_Project/Frozen_C20s/Plate_3,"G3_-1_1_1_Stitched[GFP 469,525]_001.tif"
Plate_3,G,4,/home/ubuntu/bucket/Marklein/Microglia_Morphology_Project/Frozen_C20s/Plate_3,"G4_-1_2_1_Stitched[DAPI 377,447]_001.tif",/home/ubuntu/bucket/Marklein/Microglia_Morphology_Project/Frozen_C20s/Plate_3,"G4_-1_1_1_Stitched[GFP 469,525]_001.tif"
Plate_3,G,5,/home/ubuntu/bucket/Marklein/Microglia_Morphology_Project/Frozen_C20s/Plate_3,"G5_-1_2_1_Stitched[DAPI 377,447]_001.tif",/home/ubuntu/bucket/Marklein/Microglia_Morphology_Project/Frozen_C20s/Plate_3,"G5_-1_1_1_Stitched[GFP 469,525]_001.tif"
Plate_3,G,6,/home/ubuntu/bucket/Marklein/Microglia_Morphology_Project/Frozen_C20s/Plate_3,"G6_-1_2_1_Stitched[DAPI 377,447]_001.tif",/home/ubuntu/bucket/Marklein/Microglia_Morphology_Project/Frozen_C20s/Plate_3,"G6_-1_1_1_Stitched[GFP 469,525]_001.tif"
Plate_3,G,7,/home/ubuntu/bucket/Marklein/Microglia_Morphology_Project/Frozen_C20s/Plate_3,"G7_-1_2_1_Stitched[DAPI 377,447]_001.tif",/home/ubuntu/bucket/Marklein/Microglia_Morphology_Project/Frozen_C20s/Plate_3,"G7_-1_1_1_Stitched[GFP 469,525]_001.tif"
Plate_3,G,8,/home/ubuntu/bucket/Marklein/Microglia_Morphology_Project/Frozen_C20s/Plate_3,"G8_-1_2_1_Stitched[DAPI 377,447]_001.tif",/home/ubuntu/bucket/Marklein/Microglia_Morphology_Project/Frozen_C20s/Plate_3,"G8_-1_1_1_Stitched[GFP 469,525]_001.tif"
Plate_3,G,9,/home/ubuntu/bucket/Marklein/Microglia_Morphology_Project/Frozen_C20s/Plate_3,"G9_-1_2_1_Stitched[DAPI 377,447]_001.tif",/home/ubuntu/bucket/Marklein/Microglia_Morphology_Project/Frozen_C20s/Plate_3,"G9_-1_1_1_Stitched[GFP 469,525]_001.tif"
Plate_3,H,1,/home/ubuntu/bucket/Marklein/Microglia_Morphology_Project/Frozen_C20s/Plate_3,"H1_-1_2_1_Stitched[DAPI 377,447]_001.tif",/home/ubuntu/bucket/Marklein/Microglia_Morphology_Project/Frozen_C20s/Plate_3,"H1_-1_1_1_Stitched[GFP 469,525]_001.tif"
Plate_3,H,10,/home/ubuntu/bucket/Marklein/Microglia_Morphology_Project/Frozen_C20s/Plate_3,"H10_-1_2_1_Stitched[DAPI 377,447]_001.tif",/home/ubuntu/bucket/Marklein/Microglia_Morphology_Project/Frozen_C20s/Plate_3,"H10_-1_1_1_Stitched[GFP 469,525]_001.tif"
Plate_3,H,11,/home/ubuntu/bucket/Marklein/Microglia_Morphology_Project/Frozen_C20s/Plate_3,"H11_-1_2_1_Stitched[DAPI 377,447]_001.tif",/home/ubuntu/bucket/Marklein/Microglia_Morphology_Project/Frozen_C20s/Plate_3,"H11_-1_1_1_Stitched[GFP 469,525]_001.tif"
Plate_3,H,12,/home/ubuntu/bucket/Marklein/Microglia_Morphology_Project/Frozen_C20s/Plate_3,"H12_-1_2_1_Stitched[DAPI 377,447]_001.tif",/home/ubuntu/bucket/Marklein/Microglia_Morphology_Project/Frozen_C20s/Plate_3,"H12_-1_1_1_Stitched[GFP 469,525]_001.tif"
Plate_3,H,2,/home/ubuntu/bucket/Marklein/Microglia_Morphology_Project/Frozen_C20s/Plate_3,"H2_-1_2_1_Stitched[DAPI 377,447]_001.tif",/home/ubuntu/bucket/Marklein/Microglia_Morphology_Project/Frozen_C20s/Plate_3,"H2_-1_1_1_Stitched[GFP 469,525]_001.tif"
Plate_3,H,3,/home/ubuntu/bucket/Marklein/Microglia_Morphology_Project/Frozen_C20s/Plate_3,"H3_-1_2_1_Stitched[DAPI 377,447]_001.tif",/home/ubuntu/bucket/Marklein/Microglia_Morphology_Project/Frozen_C20s/Plate_3,"H3_-1_1_1_Stitched[GFP 469,525]_001.tif"
Plate_3,H,4,/home/ubuntu/bucket/Marklein/Microglia_Morphology_Project/Frozen_C20s/Plate_3,"H4_-1_2_1_Stitched[DAPI 377,447]_001.tif",/home/ubuntu/bucket/Marklein/Microglia_Morphology_Project/Frozen_C20s/Plate_3,"H4_-1_1_1_Stitched[GFP 469,525]_001.tif"
Plate_3,H,5,/home/ubuntu/bucket/Marklein/Microglia_Morphology_Project/Frozen_C20s/Plate_3,"H5_-1_2_1_Stitched[DAPI 377,447]_001.tif",/home/ubuntu/bucket/Marklein/Microglia_Morphology_Project/Frozen_C20s/Plate_3,"H5_-1_1_1_Stitched[GFP 469,525]_001.tif"
Plate_3,H,6,/home/ubuntu/bucket/Marklein/Microglia_Morphology_Project/Frozen_C20s/Plate_3,"H6_-1_2_1_Stitched[DAPI 377,447]_001.tif",/home/ubuntu/bucket/Marklein/Microglia_Morphology_Project/Frozen_C20s/Plate_3,"H6_-1_1_1_Stitched[GFP 469,525]_001.tif"
Plate_3,H,7,/home/ubuntu/bucket/Marklein/Microglia_Morphology_Project/Frozen_C20s/Plate_3,"H7_-1_2_1_Stitched[DAPI 377,447]_001.tif",/home/ubuntu/bucket/Marklein/Microglia_Morphology_Project/Frozen_C20s/Plate_3,"H7_-1_1_1_Stitched[GFP 469,525]_001.tif"
Plate_3,H,8,/home/ubuntu/bucket/Marklein/Microglia_Morphology_Project/Frozen_C20s/Plate_3,"H8_-1_2_1_Stitched[DAPI 377,447]_001.tif",/home/ubuntu/bucket/Marklein/Microglia_Morphology_Project/Frozen_C20s/Plate_3,"H8_-1_1_1_Stitched[GFP 469,525]_001.tif"
Plate_3,H,9,/home/ubuntu/bucket/Marklein/Microglia_Morphology_Project/Frozen_C20s/Plate_3,"H9_-1_2_1_Stitched[DAPI 377,447]_001.tif",/home/ubuntu/bucket/Marklein/Microglia_Morphology_Project/Frozen_C20s/Plate_3,"H9_-1_1_1_Stitched[GFP 469,525]_001.tif"
Plate_4,A,1,/home/ubuntu/bucket/Marklein/Microglia_Morphology_Project/Frozen_C20s/Plate_4,"A1_-1_2_1_Stitched[DAPI 377,447]_001.tif",/home/ubuntu/bucket/Marklein/Microglia_Morphology_Project/Frozen_C20s/Plate_4,"A1_-1_1_1_Stitched[GFP 469,525]_001.tif"
Plate_4,A,10,/home/ubuntu/bucket/Marklein/Microglia_Morphology_Project/Frozen_C20s/Plate_4,"A10_-1_2_1_Stitched[DAPI 377,447]_001.tif",/home/ubuntu/bucket/Marklein/Microglia_Morphology_Project/Frozen_C20s/Plate_4,"A10_-1_1_1_Stitched[GFP 469,525]_001.tif"
Plate_4,A,11,/home/ubuntu/bucket/Marklein/Microglia_Morphology_Project/Frozen_C20s/Plate_4,"A11_-1_2_1_Stitched[DAPI 377,447]_001.tif",/home/ubuntu/bucket/Marklein/Microglia_Morphology_Project/Frozen_C20s/Plate_4,"A11_-1_1_1_Stitched[GFP 469,525]_001.tif"
Plate_4,A,12,/home/ubuntu/bucket/Marklein/Microglia_Morphology_Project/Frozen_C20s/Plate_4,"A12_-1_2_1_Stitched[DAPI 377,447]_001.tif",/home/ubuntu/bucket/Marklein/Microglia_Morphology_Project/Frozen_C20s/Plate_4,"A12_-1_1_1_Stitched[GFP 469,525]_001.tif"
Plate_4,A,2,/home/ubuntu/bucket/Marklein/Microglia_Morphology_Project/Frozen_C20s/Plate_4,"A2_-1_2_1_Stitched[DAPI 377,447]_001.tif",/home/ubuntu/bucket/Marklein/Microglia_Morphology_Project/Frozen_C20s/Plate_4,"A2_-1_1_1_Stitched[GFP 469,525]_001.tif"
Plate_4,A,3,/home/ubuntu/bucket/Marklein/Microglia_Morphology_Project/Frozen_C20s/Plate_4,"A3_-1_2_1_Stitched[DAPI 377,447]_001.tif",/home/ubuntu/bucket/Marklein/Microglia_Morphology_Project/Frozen_C20s/Plate_4,"A3_-1_1_1_Stitched[GFP 469,525]_001.tif"
Plate_4,A,4,/home/ubuntu/bucket/Marklein/Microglia_Morphology_Project/Frozen_C20s/Plate_4,"A4_-1_2_1_Stitched[DAPI 377,447]_001.tif",/home/ubuntu/bucket/Marklein/Microglia_Morphology_Project/Frozen_C20s/Plate_4,"A4_-1_1_1_Stitched[GFP 469,525]_001.tif"
Plate_4,A,5,/home/ubuntu/bucket/Marklein/Microglia_Morphology_Project/Frozen_C20s/Plate_4,"A5_-1_2_1_Stitched[DAPI 377,447]_001.tif",/home/ubuntu/bucket/Marklein/Microglia_Morphology_Project/Frozen_C20s/Plate_4,"A5_-1_1_1_Stitched[GFP 469,525]_001.tif"
Plate_4,A,6,/home/ubuntu/bucket/Marklein/Microglia_Morphology_Project/Frozen_C20s/Plate_4,"A6_-1_2_1_Stitched[DAPI 377,447]_001.tif",/home/ubuntu/bucket/Marklein/Microglia_Morphology_Project/Frozen_C20s/Plate_4,"A6_-1_1_1_Stitched[GFP 469,525]_001.tif"
Plate_4,A,7,/home/ubuntu/bucket/Marklein/Microglia_Morphology_Project/Frozen_C20s/Plate_4,"A7_-1_2_1_Stitched[DAPI 377,447]_001.tif",/home/ubuntu/bucket/Marklein/Microglia_Morphology_Project/Frozen_C20s/Plate_4,"A7_-1_1_1_Stitched[GFP 469,525]_001.tif"
Plate_4,A,8,/home/ubuntu/bucket/Marklein/Microglia_Morphology_Project/Frozen_C20s/Plate_4,"A8_-1_2_1_Stitched[DAPI 377,447]_001.tif",/home/ubuntu/bucket/Marklein/Microglia_Morphology_Project/Frozen_C20s/Plate_4,"A8_-1_1_1_Stitched[GFP 469,525]_001.tif"
Plate_4,A,9,/home/ubuntu/bucket/Marklein/Microglia_Morphology_Project/Frozen_C20s/Plate_4,"A9_-1_2_1_Stitched[DAPI 377,447]_001.tif",/home/ubuntu/bucket/Marklein/Microglia_Morphology_Project/Frozen_C20s/Plate_4,"A9_-1_1_1_Stitched[GFP 469,525]_001.tif"
Plate_4,B,1,/home/ubuntu/bucket/Marklein/Microglia_Morphology_Project/Frozen_C20s/Plate_4,"B1_-1_2_1_Stitched[DAPI 377,447]_001.tif",/home/ubuntu/bucket/Marklein/Microglia_Morphology_Project/Frozen_C20s/Plate_4,"B1_-1_1_1_Stitched[GFP 469,525]_001.tif"
Plate_4,B,10,/home/ubuntu/bucket/Marklein/Microglia_Morphology_Project/Frozen_C20s/Plate_4,"B10_-1_2_1_Stitched[DAPI 377,447]_001.tif",/home/ubuntu/bucket/Marklein/Microglia_Morphology_Project/Frozen_C20s/Plate_4,"B10_-1_1_1_Stitched[GFP 469,525]_001.tif"
Plate_4,B,11,/home/ubuntu/bucket/Marklein/Microglia_Morphology_Project/Frozen_C20s/Plate_4,"B11_-1_2_1_Stitched[DAPI 377,447]_001.tif",/home/ubuntu/bucket/Marklein/Microglia_Morphology_Project/Frozen_C20s/Plate_4,"B11_-1_1_1_Stitched[GFP 469,525]_001.tif"
Plate_4,B,12,/home/ubuntu/bucket/Marklein/Microglia_Morphology_Project/Frozen_C20s/Plate_4,"B12_-1_2_1_Stitched[DAPI 377,447]_001.tif",/home/ubuntu/bucket/Marklein/Microglia_Morphology_Project/Frozen_C20s/Plate_4,"B12_-1_1_1_Stitched[GFP 469,525]_001.tif"
Plate_4,B,2,/home/ubuntu/bucket/Marklein/Microglia_Morphology_Project/Frozen_C20s/Plate_4,"B2_-1_2_1_Stitched[DAPI 377,447]_001.tif",/home/ubuntu/bucket/Marklein/Microglia_Morphology_Project/Frozen_C20s/Plate_4,"B2_-1_1_1_Stitched[GFP 469,525]_001.tif"
Plate_4,B,3,/home/ubuntu/bucket/Marklein/Microglia_Morphology_Project/Frozen_C20s/Plate_4,"B3_-1_2_1_Stitched[DAPI 377,447]_001.tif",/home/ubuntu/bucket/Marklein/Microglia_Morphology_Project/Frozen_C20s/Plate_4,"B3_-1_1_1_Stitched[GFP 469,525]_001.tif"
Plate_4,B,4,/home/ubuntu/bucket/Marklein/Microglia_Morphology_Project/Frozen_C20s/Plate_4,"B4_-1_2_1_Stitched[DAPI 377,447]_001.tif",/home/ubuntu/bucket/Marklein/Microglia_Morphology_Project/Frozen_C20s/Plate_4,"B4_-1_1_1_Stitched[GFP 469,525]_001.tif"
Plate_4,B,5,/home/ubuntu/bucket/Marklein/Microglia_Morphology_Project/Frozen_C20s/Plate_4,"B5_-1_2_1_Stitched[DAPI 377,447]_001.tif",/home/ubuntu/bucket/Marklein/Microglia_Morphology_Project/Frozen_C20s/Plate_4,"B5_-1_1_1_Stitched[GFP 469,525]_001.tif"
Plate_4,B,6,/home/ubuntu/bucket/Marklein/Microglia_Morphology_Project/Frozen_C20s/Plate_4,"B6_-1_2_1_Stitched[DAPI 377,447]_001.tif",/home/ubuntu/bucket/Marklein/Microglia_Morphology_Project/Frozen_C20s/Plate_4,"B6_-1_1_1_Stitched[GFP 469,525]_001.tif"
Plate_4,B,7,/home/ubuntu/bucket/Marklein/Microglia_Morphology_Project/Frozen_C20s/Plate_4,"B7_-1_2_1_Stitched[DAPI 377,447]_001.tif",/home/ubuntu/bucket/Marklein/Microglia_Morphology_Project/Frozen_C20s/Plate_4,"B7_-1_1_1_Stitched[GFP 469,525]_001.tif"
Plate_4,B,8,/home/ubuntu/bucket/Marklein/Microglia_Morphology_Project/Frozen_C20s/Plate_4,"B8_-1_2_1_Stitched[DAPI 377,447]_001.tif",/home/ubuntu/bucket/Marklein/Microglia_Morphology_Project/Frozen_C20s/Plate_4,"B8_-1_1_1_Stitched[GFP 469,525]_001.tif"
Plate_4,B,9,/home/ubuntu/bucket/Marklein/Microglia_Morphology_Project/Frozen_C20s/Plate_4,"B9_-1_2_1_Stitched[DAPI 377,447]_001.tif",/home/ubuntu/bucket/Marklein/Microglia_Morphology_Project/Frozen_C20s/Plate_4,"B9_-1_1_1_Stitched[GFP 469,525]_001.tif"
Plate_4,C,1,/home/ubuntu/bucket/Marklein/Microglia_Morphology_Project/Frozen_C20s/Plate_4,"C1_-1_2_1_Stitched[DAPI 377,447]_001.tif",/home/ubuntu/bucket/Marklein/Microglia_Morphology_Project/Frozen_C20s/Plate_4,"C1_-1_1_1_Stitched[GFP 469,525]_001.tif"
Plate_4,C,10,/home/ubuntu/bucket/Marklein/Microglia_Morphology_Project/Frozen_C20s/Plate_4,"C10_-1_2_1_Stitched[DAPI 377,447]_001.tif",/home/ubuntu/bucket/Marklein/Microglia_Morphology_Project/Frozen_C20s/Plate_4,"C10_-1_1_1_Stitched[GFP 469,525]_001.tif"
Plate_4,C,11,/home/ubuntu/bucket/Marklein/Microglia_Morphology_Project/Frozen_C20s/Plate_4,"C11_-1_2_1_Stitched[DAPI 377,447]_001.tif",/home/ubuntu/bucket/Marklein/Microglia_Morphology_Project/Frozen_C20s/Plate_4,"C11_-1_1_1_Stitched[GFP 469,525]_001.tif"
Plate_4,C,12,/home/ubuntu/bucket/Marklein/Microglia_Morphology_Project/Frozen_C20s/Plate_4,"C12_-1_2_1_Stitched[DAPI 377,447]_001.tif",/home/ubuntu/bucket/Marklein/Microglia_Morphology_Project/Frozen_C20s/Plate_4,"C12_-1_1_1_Stitched[GFP 469,525]_001.tif"
Plate_4,C,2,/home/ubuntu/bucket/Marklein/Microglia_Morphology_Project/Frozen_C20s/Plate_4,"C2_-1_2_1_Stitched[DAPI 377,447]_001.tif",/home/ubuntu/bucket/Marklein/Microglia_Morphology_Project/Frozen_C20s/Plate_4,"C2_-1_1_1_Stitched[GFP 469,525]_001.tif"
Plate_4,C,3,/home/ubuntu/bucket/Marklein/Microglia_Morphology_Project/Frozen_C20s/Plate_4,"C3_-1_2_1_Stitched[DAPI 377,447]_001.tif",/home/ubuntu/bucket/Marklein/Microglia_Morphology_Project/Frozen_C20s/Plate_4,"C3_-1_1_1_Stitched[GFP 469,525]_001.tif"
Plate_4,C,4,/home/ubuntu/bucket/Marklein/Microglia_Morphology_Project/Frozen_C20s/Plate_4,"C4_-1_2_1_Stitched[DAPI 377,447]_001.tif",/home/ubuntu/bucket/Marklein/Microglia_Morphology_Project/Frozen_C20s/Plate_4,"C4_-1_1_1_Stitched[GFP 469,525]_001.tif"
Plate_4,C,5,/home/ubuntu/bucket/Marklein/Microglia_Morphology_Project/Frozen_C20s/Plate_4,"C5_-1_2_1_Stitched[DAPI 377,447]_001.tif",/home/ubuntu/bucket/Marklein/Microglia_Morphology_Project/Frozen_C20s/Plate_4,"C5_-1_1_1_Stitched[GFP 469,525]_001.tif"
Plate_4,C,6,/home/ubuntu/bucket/Marklein/Microglia_Morphology_Project/Frozen_C20s/Plate_4,"C6_-1_2_1_Stitched[DAPI 377,447]_001.tif",/home/ubuntu/bucket/Marklein/Microglia_Morphology_Project/Frozen_C20s/Plate_4,"C6_-1_1_1_Stitched[GFP 469,525]_001.tif"
Plate_4,C,7,/home/ubuntu/bucket/Marklein/Microglia_Morphology_Project/Frozen_C20s/Plate_4,"C7_-1_2_1_Stitched[DAPI 377,447]_001.tif",/home/ubuntu/bucket/Marklein/Microglia_Morphology_Project/Frozen_C20s/Plate_4,"C7_-1_1_1_Stitched[GFP 469,525]_001.tif"
Plate_4,C,8,/home/ubuntu/bucket/Marklein/Microglia_Morphology_Project/Frozen_C20s/Plate_4,"C8_-1_2_1_Stitched[DAPI 377,447]_001.tif",/home/ubuntu/bucket/Marklein/Microglia_Morphology_Project/Frozen_C20s/Plate_4,"C8_-1_1_1_Stitched[GFP 469,525]_001.tif"
Plate_4,C,9,/home/ubuntu/bucket/Marklein/Microglia_Morphology_Project/Frozen_C20s/Plate_4,"C9_-1_2_1_Stitched[DAPI 377,447]_001.tif",/home/ubuntu/bucket/Marklein/Microglia_Morphology_Project/Frozen_C20s/Plate_4,"C9_-1_1_1_Stitched[GFP 469,525]_001.tif"
Plate_4,D,1,/home/ubuntu/bucket/Marklein/Microglia_Morphology_Project/Frozen_C20s/Plate_4,"D1_-1_2_1_Stitched[DAPI 377,447]_001.tif",/home/ubuntu/bucket/Marklein/Microglia_Morphology_Project/Frozen_C20s/Plate_4,"D1_-1_1_1_Stitched[GFP 469,525]_001.tif"
Plate_4,D,10,/home/ubuntu/bucket/Marklein/Microglia_Morphology_Project/Frozen_C20s/Plate_4,"D10_-1_2_1_Stitched[DAPI 377,447]_001.tif",/home/ubuntu/bucket/Marklein/Microglia_Morphology_Project/Frozen_C20s/Plate_4,"D10_-1_1_1_Stitched[GFP 469,525]_001.tif"
Plate_4,D,11,/home/ubuntu/bucket/Marklein/Microglia_Morphology_Project/Frozen_C20s/Plate_4,"D11_-1_2_1_Stitched[DAPI 377,447]_001.tif",/home/ubuntu/bucket/Marklein/Microglia_Morphology_Project/Frozen_C20s/Plate_4,"D11_-1_1_1_Stitched[GFP 469,525]_001.tif"
Plate_4,D,12,/home/ubuntu/bucket/Marklein/Microglia_Morphology_Project/Frozen_C20s/Plate_4,"D12_-1_2_1_Stitched[DAPI 377,447]_001.tif",/home/ubuntu/bucket/Marklein/Microglia_Morphology_Project/Frozen_C20s/Plate_4,"D12_-1_1_1_Stitched[GFP 469,525]_001.tif"
Plate_4,D,2,/home/ubuntu/bucket/Marklein/Microglia_Morphology_Project/Frozen_C20s/Plate_4,"D2_-1_2_1_Stitched[DAPI 377,447]_001.tif",/home/ubuntu/bucket/Marklein/Microglia_Morphology_Project/Frozen_C20s/Plate_4,"D2_-1_1_1_Stitched[GFP 469,525]_001.tif"
Plate_4,D,3,/home/ubuntu/bucket/Marklein/Microglia_Morphology_Project/Frozen_C20s/Plate_4,"D3_-1_2_1_Stitched[DAPI 377,447]_001.tif",/home/ubuntu/bucket/Marklein/Microglia_Morphology_Project/Frozen_C20s/Plate_4,"D3_-1_1_1_Stitched[GFP 469,525]_001.tif"
Plate_4,D,4,/home/ubuntu/bucket/Marklein/Microglia_Morphology_Project/Frozen_C20s/Plate_4,"D4_-1_2_1_Stitched[DAPI 377,447]_001.tif",/home/ubuntu/bucket/Marklein/Microglia_Morphology_Project/Frozen_C20s/Plate_4,"D4_-1_1_1_Stitched[GFP 469,525]_001.tif"
Plate_4,D,5,/home/ubuntu/bucket/Marklein/Microglia_Morphology_Project/Frozen_C20s/Plate_4,"D5_-1_2_1_Stitched[DAPI 377,447]_001.tif",/home/ubuntu/bucket/Marklein/Microglia_Morphology_Project/Frozen_C20s/Plate_4,"D5_-1_1_1_Stitched[GFP 469,525]_001.tif"
Plate_4,D,6,/home/ubuntu/bucket/Marklein/Microglia_Morphology_Project/Frozen_C20s/Plate_4,"D6_-1_2_1_Stitched[DAPI 377,447]_001.tif",/home/ubuntu/bucket/Marklein/Microglia_Morphology_Project/Frozen_C20s/Plate_4,"D6_-1_1_1_Stitched[GFP 469,525]_001.tif"
Plate_4,D,7,/home/ubuntu/bucket/Marklein/Microglia_Morphology_Project/Frozen_C20s/Plate_4,"D7_-1_2_1_Stitched[DAPI 377,447]_001.tif",/home/ubuntu/bucket/Marklein/Microglia_Morphology_Project/Frozen_C20s/Plate_4,"D7_-1_1_1_Stitched[GFP 469,525]_001.tif"
Plate_4,D,8,/home/ubuntu/bucket/Marklein/Microglia_Morphology_Project/Frozen_C20s/Plate_4,"D8_-1_2_1_Stitched[DAPI 377,447]_001.tif",/home/ubuntu/bucket/Marklein/Microglia_Morphology_Project/Frozen_C20s/Plate_4,"D8_-1_1_1_Stitched[GFP 469,525]_001.tif"
Plate_4,D,9,/home/ubuntu/bucket/Marklein/Microglia_Morphology_Project/Frozen_C20s/Plate_4,"D9_-1_2_1_Stitched[DAPI 377,447]_001.tif",/home/ubuntu/bucket/Marklein/Microglia_Morphology_Project/Frozen_C20s/Plate_4,"D9_-1_1_1_Stitched[GFP 469,525]_001.tif"
Plate_4,E,1,/home/ubuntu/bucket/Marklein/Microglia_Morphology_Project/Frozen_C20s/Plate_4,"E1_-1_2_1_Stitched[DAPI 377,447]_001.tif",/home/ubuntu/bucket/Marklein/Microglia_Morphology_Project/Frozen_C20s/Plate_4,"E1_-1_1_1_Stitched[GFP 469,525]_001.tif"
Plate_4,E,10,/home/ubuntu/bucket/Marklein/Microglia_Morphology_Project/Frozen_C20s/Plate_4,"E10_-1_2_1_Stitched[DAPI 377,447]_001.tif",/home/ubuntu/bucket/Marklein/Microglia_Morphology_Project/Frozen_C20s/Plate_4,"E10_-1_1_1_Stitched[GFP 469,525]_001.tif"
Plate_4,E,11,/home/ubuntu/bucket/Marklein/Microglia_Morphology_Project/Frozen_C20s/Plate_4,"E11_-1_2_1_Stitched[DAPI 377,447]_001.tif",/home/ubuntu/bucket/Marklein/Microglia_Morphology_Project/Frozen_C20s/Plate_4,"E11_-1_1_1_Stitched[GFP 469,525]_001.tif"
Plate_4,E,12,/home/ubuntu/bucket/Marklein/Microglia_Morphology_Project/Frozen_C20s/Plate_4,"E12_-1_2_1_Stitched[DAPI 377,447]_001.tif",/home/ubuntu/bucket/Marklein/Microglia_Morphology_Project/Frozen_C20s/Plate_4,"E12_-1_1_1_Stitched[GFP 469,525]_001.tif"
Plate_4,E,2,/home/ubuntu/bucket/Marklein/Microglia_Morphology_Project/Frozen_C20s/Plate_4,"E2_-1_2_1_Stitched[DAPI 377,447]_001.tif",/home/ubuntu/bucket/Marklein/Microglia_Morphology_Project/Frozen_C20s/Plate_4,"E2_-1_1_1_Stitched[GFP 469,525]_001.tif"
Plate_4,E,3,/home/ubuntu/bucket/Marklein/Microglia_Morphology_Project/Frozen_C20s/Plate_4,"E3_-1_2_1_Stitched[DAPI 377,447]_001.tif",/home/ubuntu/bucket/Marklein/Microglia_Morphology_Project/Frozen_C20s/Plate_4,"E3_-1_1_1_Stitched[GFP 469,525]_001.tif"
Plate_4,E,4,/home/ubuntu/bucket/Marklein/Microglia_Morphology_Project/Frozen_C20s/Plate_4,"E4_-1_2_1_Stitched[DAPI 377,447]_001.tif",/home/ubuntu/bucket/Marklein/Microglia_Morphology_Project/Frozen_C20s/Plate_4,"E4_-1_1_1_Stitched[GFP 469,525]_001.tif"
Plate_4,E,5,/home/ubuntu/bucket/Marklein/Microglia_Morphology_Project/Frozen_C20s/Plate_4,"E5_-1_2_1_Stitched[DAPI 377,447]_001.tif",/home/ubuntu/bucket/Marklein/Microglia_Morphology_Project/Frozen_C20s/Plate_4,"E5_-1_1_1_Stitched[GFP 469,525]_001.tif"
Plate_4,E,6,/home/ubuntu/bucket/Marklein/Microglia_Morphology_Project/Frozen_C20s/Plate_4,"E6_-1_2_1_Stitched[DAPI 377,447]_001.tif",/home/ubuntu/bucket/Marklein/Microglia_Morphology_Project/Frozen_C20s/Plate_4,"E6_-1_1_1_Stitched[GFP 469,525]_001.tif"
Plate_4,E,7,/home/ubuntu/bucket/Marklein/Microglia_Morphology_Project/Frozen_C20s/Plate_4,"E7_-1_2_1_Stitched[DAPI 377,447]_001.tif",/home/ubuntu/bucket/Marklein/Microglia_Morphology_Project/Frozen_C20s/Plate_4,"E7_-1_1_1_Stitched[GFP 469,525]_001.tif"
Plate_4,E,8,/home/ubuntu/bucket/Marklein/Microglia_Morphology_Project/Frozen_C20s/Plate_4,"E8_-1_2_1_Stitched[DAPI 377,447]_001.tif",/home/ubuntu/bucket/Marklein/Microglia_Morphology_Project/Frozen_C20s/Plate_4,"E8_-1_1_1_Stitched[GFP 469,525]_001.tif"
Plate_4,E,9,/home/ubuntu/bucket/Marklein/Microglia_Morphology_Project/Frozen_C20s/Plate_4,"E9_-1_2_1_Stitched[DAPI 377,447]_001.tif",/home/ubuntu/bucket/Marklein/Microglia_Morphology_Project/Frozen_C20s/Plate_4,"E9_-1_1_1_Stitched[GFP 469,525]_001.tif"
Plate_4,F,1,/home/ubuntu/bucket/Marklein/Microglia_Morphology_Project/Frozen_C20s/Plate_4,"F1_-1_2_1_Stitched[DAPI 377,447]_001.tif",/home/ubuntu/bucket/Marklein/Microglia_Morphology_Project/Frozen_C20s/Plate_4,"F1_-1_1_1_Stitched[GFP 469,525]_001.tif"
Plate_4,F,10,/home/ubuntu/bucket/Marklein/Microglia_Morphology_Project/Frozen_C20s/Plate_4,"F10_-1_2_1_Stitched[DAPI 377,447]_001.tif",/home/ubuntu/bucket/Marklein/Microglia_Morphology_Project/Frozen_C20s/Plate_4,"F10_-1_1_1_Stitched[GFP 469,525]_001.tif"
Plate_4,F,11,/home/ubuntu/bucket/Marklein/Microglia_Morphology_Project/Frozen_C20s/Plate_4,"F11_-1_2_1_Stitched[DAPI 377,447]_001.tif",/home/ubuntu/bucket/Marklein/Microglia_Morphology_Project/Frozen_C20s/Plate_4,"F11_-1_1_1_Stitched[GFP 469,525]_001.tif"
Plate_4,F,12,/home/ubuntu/bucket/Marklein/Microglia_Morphology_Project/Frozen_C20s/Plate_4,"F12_-1_2_1_Stitched[DAPI 377,447]_001.tif",/home/ubuntu/bucket/Marklein/Microglia_Morphology_Project/Frozen_C20s/Plate_4,"F12_-1_1_1_Stitched[GFP 469,525]_001.tif"
Plate_4,F,2,/home/ubuntu/bucket/Marklein/Microglia_Morphology_Project/Frozen_C20s/Plate_4,"F2_-1_2_1_Stitched[DAPI 377,447]_001.tif",/home/ubuntu/bucket/Marklein/Microglia_Morphology_Project/Frozen_C20s/Plate_4,"F2_-1_1_1_Stitched[GFP 469,525]_001.tif"
Plate_4,F,3,/home/ubuntu/bucket/Marklein/Microglia_Morphology_Project/Frozen_C20s/Plate_4,"F3_-1_2_1_Stitched[DAPI 377,447]_001.tif",/home/ubuntu/bucket/Marklein/Microglia_Morphology_Project/Frozen_C20s/Plate_4,"F3_-1_1_1_Stitched[GFP 469,525]_001.tif"
Plate_4,F,4,/home/ubuntu/bucket/Marklein/Microglia_Morphology_Project/Frozen_C20s/Plate_4,"F4_-1_2_1_Stitched[DAPI 377,447]_001.tif",/home/ubuntu/bucket/Marklein/Microglia_Morphology_Project/Frozen_C20s/Plate_4,"F4_-1_1_1_Stitched[GFP 469,525]_001.tif"
Plate_4,F,5,/home/ubuntu/bucket/Marklein/Microglia_Morphology_Project/Frozen_C20s/Plate_4,"F5_-1_2_1_Stitched[DAPI 377,447]_001.tif",/home/ubuntu/bucket/Marklein/Microglia_Morphology_Project/Frozen_C20s/Plate_4,"F5_-1_1_1_Stitched[GFP 469,525]_001.tif"
Plate_4,F,6,/home/ubuntu/bucket/Marklein/Microglia_Morphology_Project/Frozen_C20s/Plate_4,"F6_-1_2_1_Stitched[DAPI 377,447]_001.tif",/home/ubuntu/bucket/Marklein/Microglia_Morphology_Project/Frozen_C20s/Plate_4,"F6_-1_1_1_Stitched[GFP 469,525]_001.tif"
Plate_4,F,7,/home/ubuntu/bucket/Marklein/Microglia_Morphology_Project/Frozen_C20s/Plate_4,"F7_-1_2_1_Stitched[DAPI 377,447]_001.tif",/home/ubuntu/bucket/Marklein/Microglia_Morphology_Project/Frozen_C20s/Plate_4,"F7_-1_1_1_Stitched[GFP 469,525]_001.tif"
Plate_4,F,8,/home/ubuntu/bucket/Marklein/Microglia_Morphology_Project/Frozen_C20s/Plate_4,"F8_-1_2_1_Stitched[DAPI 377,447]_001.tif",/home/ubuntu/bucket/Marklein/Microglia_Morphology_Project/Frozen_C20s/Plate_4,"F8_-1_1_1_Stitched[GFP 469,525]_001.tif"
Plate_4,F,9,/home/ubuntu/bucket/Marklein/Microglia_Morphology_Project/Frozen_C20s/Plate_4,"F9_-1_2_1_Stitched[DAPI 377,447]_001.tif",/home/ubuntu/bucket/Marklein/Microglia_Morphology_Project/Frozen_C20s/Plate_4,"F9_-1_1_1_Stitched[GFP 469,525]_001.tif"
Plate_4,G,1,/home/ubuntu/bucket/Marklein/Microglia_Morphology_Project/Frozen_C20s/Plate_4,"G1_-1_2_1_Stitched[DAPI 377,447]_001.tif",/home/ubuntu/bucket/Marklein/Microglia_Morphology_Project/Frozen_C20s/Plate_4,"G1_-1_1_1_Stitched[GFP 469,525]_001.tif"
Plate_4,G,10,/home/ubuntu/bucket/Marklein/Microglia_Morphology_Project/Frozen_C20s/Plate_4,"G10_-1_2_1_Stitched[DAPI 377,447]_001.tif",/home/ubuntu/bucket/Marklein/Microglia_Morphology_Project/Frozen_C20s/Plate_4,"G10_-1_1_1_Stitched[GFP 469,525]_001.tif"
Plate_4,G,11,/home/ubuntu/bucket/Marklein/Microglia_Morphology_Project/Frozen_C20s/Plate_4,"G11_-1_2_1_Stitched[DAPI 377,447]_001.tif",/home/ubuntu/bucket/Marklein/Microglia_Morphology_Project/Frozen_C20s/Plate_4,"G11_-1_1_1_Stitched[GFP 469,525]_001.tif"
Plate_4,G,12,/home/ubuntu/bucket/Marklein/Microglia_Morphology_Project/Frozen_C20s/Plate_4,"G12_-1_2_1_Stitched[DAPI 377,447]_001.tif",/home/ubuntu/bucket/Marklein/Microglia_Morphology_Project/Frozen_C20s/Plate_4,"G12_-1_1_1_Stitched[GFP 469,525]_001.tif"
Plate_4,G,2,/home/ubuntu/bucket/Marklein/Microglia_Morphology_Project/Frozen_C20s/Plate_4,"G2_-1_2_1_Stitched[DAPI 377,447]_001.tif",/home/ubuntu/bucket/Marklein/Microglia_Morphology_Project/Frozen_C20s/Plate_4,"G2_-1_1_1_Stitched[GFP 469,525]_001.tif"
Plate_4,G,3,/home/ubuntu/bucket/Marklein/Microglia_Morphology_Project/Frozen_C20s/Plate_4,"G3_-1_2_1_Stitched[DAPI 377,447]_001.tif",/home/ubuntu/bucket/Marklein/Microglia_Morphology_Project/Frozen_C20s/Plate_4,"G3_-1_1_1_Stitched[GFP 469,525]_001.tif"
Plate_4,G,4,/home/ubuntu/bucket/Marklein/Microglia_Morphology_Project/Frozen_C20s/Plate_4,"G4_-1_2_1_Stitched[DAPI 377,447]_001.tif",/home/ubuntu/bucket/Marklein/Microglia_Morphology_Project/Frozen_C20s/Plate_4,"G4_-1_1_1_Stitched[GFP 469,525]_001.tif"
Plate_4,G,5,/home/ubuntu/bucket/Marklein/Microglia_Morphology_Project/Frozen_C20s/Plate_4,"G5_-1_2_1_Stitched[DAPI 377,447]_001.tif",/home/ubuntu/bucket/Marklein/Microglia_Morphology_Project/Frozen_C20s/Plate_4,"G5_-1_1_1_Stitched[GFP 469,525]_001.tif"
Plate_4,G,6,/home/ubuntu/bucket/Marklein/Microglia_Morphology_Project/Frozen_C20s/Plate_4,"G6_-1_2_1_Stitched[DAPI 377,447]_001.tif",/home/ubuntu/bucket/Marklein/Microglia_Morphology_Project/Frozen_C20s/Plate_4,"G6_-1_1_1_Stitched[GFP 469,525]_001.tif"
Plate_4,G,7,/home/ubuntu/bucket/Marklein/Microglia_Morphology_Project/Frozen_C20s/Plate_4,"G7_-1_2_1_Stitched[DAPI 377,447]_001.tif",/home/ubuntu/bucket/Marklein/Microglia_Morphology_Project/Frozen_C20s/Plate_4,"G7_-1_1_1_Stitched[GFP 469,525]_001.tif"
Plate_4,G,8,/home/ubuntu/bucket/Marklein/Microglia_Morphology_Project/Frozen_C20s/Plate_4,"G8_-1_2_1_Stitched[DAPI 377,447]_001.tif",/home/ubuntu/bucket/Marklein/Microglia_Morphology_Project/Frozen_C20s/Plate_4,"G8_-1_1_1_Stitched[GFP 469,525]_001.tif"
Plate_4,G,9,/home/ubuntu/bucket/Marklein/Microglia_Morphology_Project/Frozen_C20s/Plate_4,"G9_-1_2_1_Stitched[DAPI 377,447]_001.tif",/home/ubuntu/bucket/Marklein/Microglia_Morphology_Project/Frozen_C20s/Plate_4,"G9_-1_1_1_Stitched[GFP 469,525]_001.tif"
Plate_4,H,1,/home/ubuntu/bucket/Marklein/Microglia_Morphology_Project/Frozen_C20s/Plate_4,"H1_-1_2_1_Stitched[DAPI 377,447]_001.tif",/home/ubuntu/bucket/Marklein/Microglia_Morphology_Project/Frozen_C20s/Plate_4,"H1_-1_1_1_Stitched[GFP 469,525]_001.tif"
Plate_4,H,10,/home/ubuntu/bucket/Marklein/Microglia_Morphology_Project/Frozen_C20s/Plate_4,"H10_-1_2_1_Stitched[DAPI 377,447]_001.tif",/home/ubuntu/bucket/Marklein/Microglia_Morphology_Project/Frozen_C20s/Plate_4,"H10_-1_1_1_Stitched[GFP 469,525]_001.tif"
Plate_4,H,11,/home/ubuntu/bucket/Marklein/Microglia_Morphology_Project/Frozen_C20s/Plate_4,"H11_-1_2_1_Stitched[DAPI 377,447]_001.tif",/home/ubuntu/bucket/Marklein/Microglia_Morphology_Project/Frozen_C20s/Plate_4,"H11_-1_1_1_Stitched[GFP 469,525]_001.tif"
Plate_4,H,12,/home/ubuntu/bucket/Marklein/Microglia_Morphology_Project/Frozen_C20s/Plate_4,"H12_-1_2_1_Stitched[DAPI 377,447]_001.tif",/home/ubuntu/bucket/Marklein/Microglia_Morphology_Project/Frozen_C20s/Plate_4,"H12_-1_1_1_Stitched[GFP 469,525]_001.tif"
Plate_4,H,2,/home/ubuntu/bucket/Marklein/Microglia_Morphology_Project/Frozen_C20s/Plate_4,"H2_-1_2_1_Stitched[DAPI 377,447]_001.tif",/home/ubuntu/bucket/Marklein/Microglia_Morphology_Project/Frozen_C20s/Plate_4,"H2_-1_1_1_Stitched[GFP 469,525]_001.tif"
Plate_4,H,3,/home/ubuntu/bucket/Marklein/Microglia_Morphology_Project/Frozen_C20s/Plate_4,"H3_-1_2_1_Stitched[DAPI 377,447]_001.tif",/home/ubuntu/bucket/Marklein/Microglia_Morphology_Project/Frozen_C20s/Plate_4,"H3_-1_1_1_Stitched[GFP 469,525]_001.tif"
Plate_4,H,4,/home/ubuntu/bucket/Marklein/Microglia_Morphology_Project/Frozen_C20s/Plate_4,"H4_-1_2_1_Stitched[DAPI 377,447]_001.tif",/home/ubuntu/bucket/Marklein/Microglia_Morphology_Project/Frozen_C20s/Plate_4,"H4_-1_1_1_Stitched[GFP 469,525]_001.tif"
Plate_4,H,5,/home/ubuntu/bucket/Marklein/Microglia_Morphology_Project/Frozen_C20s/Plate_4,"H5_-1_2_1_Stitched[DAPI 377,447]_001.tif",/home/ubuntu/bucket/Marklein/Microglia_Morphology_Project/Frozen_C20s/Plate_4,"H5_-1_1_1_Stitched[GFP 469,525]_001.tif"
Plate_4,H,6,/home/ubuntu/bucket/Marklein/Microglia_Morphology_Project/Frozen_C20s/Plate_4,"H6_-1_2_1_Stitched[DAPI 377,447]_001.tif",/home/ubuntu/bucket/Marklein/Microglia_Morphology_Project/Frozen_C20s/Plate_4,"H6_-1_1_1_Stitched[GFP 469,525]_001.tif"
Plate_4,H,7,/home/ubuntu/bucket/Marklein/Microglia_Morphology_Project/Frozen_C20s/Plate_4,"H7_-1_2_1_Stitched[DAPI 377,447]_001.tif",/home/ubuntu/bucket/Marklein/Microglia_Morphology_Project/Frozen_C20s/Plate_4,"H7_-1_1_1_Stitched[GFP 469,525]_001.tif"
Plate_4,H,8,/home/ubuntu/bucket/Marklein/Microglia_Morphology_Project/Frozen_C20s/Plate_4,"H8_-1_2_1_Stitched[DAPI 377,447]_001.tif",/home/ubuntu/bucket/Marklein/Microglia_Morphology_Project/Frozen_C20s/Plate_4,"H8_-1_1_1_Stitched[GFP 469,525]_001.tif"
Plate_4,H,9,/home/ubuntu/bucket/Marklein/Microglia_Morphology_Project/Frozen_C20s/Plate_4,"H9_-1_2_1_Stitched[DAPI 377,447]_001.tif",/home/ubuntu/bucket/Marklein/Microglia_Morphology_Project/Frozen_C20s/Plate_4,"H9_-1_1_1_Stitched[GFP 469,525]_001.tif"
